tender_num,classification,relevant,score,reason,domain_terms,ai_automation_terms,platform_terms,negative_terms,queries,groups,sources,fz,status,name,customer,price_rub,publish_date,deadline,tender_link
"0816500000626002131","noise","no","17","найдено в карточке/документах ЕИС; класс=noise; совпадения: электронного документооборота, документооборот","электронного документооборота; документооборот","","","","классификация документов","custom","card; attached_file","44-ФЗ Электронный аукцион","Определение поставщика завершено","Выполнение работ по защите информации Государственной информационной системы «Закрытый контур Единой системы межведомственного электронного документооборота в органах государственной власти и органах местного самоуправления Республики Саха (Якутия)»","ГОСУДАРСТВЕННОЕ КАЗЕННОЕ УЧРЕЖДЕНИЕ РЕСПУБЛИКИ САХА (ЯКУТИЯ) ""ЦЕНТР ЗАКУПОК РЕСПУБЛИКИ САХА (ЯКУТИЯ)""","3739910.00","19.02.2026","02.03.2026","https://zakupki.gov.ru/epz/order/notice/ea20/view/common-info.html?regNumber=0816500000626002131"
"0816500000625020784","noise","no","17","найдено в карточке/документах ЕИС; класс=noise; совпадения: электронного документооборота, документооборот","электронного документооборота; документооборот","","","","классификация документов","custom","card; attached_file","44-ФЗ Запрос котировок в электронной форме","Определение поставщика завершено","Выполнение работ по защите информации Государственной информационной системы «Закрытый контур Единой системы межведомственного электронного документооборота в органах государственной власти и органах местного самоуправления Республики Саха (Якутия)»","ГОСУДАРСТВЕННОЕ КАЗЕННОЕ УЧРЕЖДЕНИЕ РЕСПУБЛИКИ САХА (ЯКУТИЯ) ""ЦЕНТР ЗАКУПОК РЕСПУБЛИКИ САХА (ЯКУТИЯ)""","3065500.00","29.12.2025","21.01.2026","https://zakupki.gov.ru/epz/order/notice/zk20/view/common-info.html?regNumber=0816500000625020784"
"32615696901","document_ai","yes","12","найдено в карточке/документах ЕИС; класс=document_ai; совпадения: распознавание документов","","распознавание документов","","","распознавание документов","custom","card; attached_file","223-ФЗ Запрос котировок в электронной форме, участниками которого могут быть только субъекты малого и среднего предпринимательства","Закупка завершена","Оказание услуг по передаче неисключительных прав использования данных приложения 1С Распознавание документов для нужд АО «Киностудия им. М. Горького»","АКЦИОНЕРНОЕ ОБЩЕСТВО ""КИНОСТУДИЯ ДЕТСКИХ И ЮНОШЕСКИХ ФИЛЬМОВ ИМ. М. ГОРЬКОГО""","187500.00","11.02.2026","18.02.2026","https://zakupki.gov.ru/223/purchase/public/purchase/info/common-info.html?regNumber=32615696901"
"0173100014725000389","noise","no","9","найдено в карточке/документах ЕИС; класс=noise; совпадения: автоматизированной системы","","автоматизированной системы","","","классификация документов","custom","card; attached_file","44-ФЗ Электронный аукцион","Определение поставщика завершено","Оказание услуг по сервисному сопровождению комплексной автоматизированной системы управления финансово-хозяйственной деятельностью на базе программного обеспечения «Парус-Бюджет 8» для нужд Следственного комитета Российской Федерации","СЛЕДСТВЕННЫЙ КОМИТЕТ РОССИЙСКОЙ ФЕДЕРАЦИИ","3168000.00","25.12.2025","15.01.2026","https://zakupki.gov.ru/epz/order/notice/ea20/view/common-info.html?regNumber=0173100014725000389"
"0335300062226000004","noise","no","6","найдено в карточке/документах ЕИС; класс=noise; совпадения: сопровождение, лицензия","","","сопровождение; лицензия","","классификация документов","custom","card; attached_file","44-ФЗ Запрос котировок в электронной форме","Определение поставщика завершено","на оказание услуг по передаче неисключительного права использования электронной Базы данных (простая неисключительная лицензия), содержащей методические и справочные материалы, нормативно-правовые документы по основным направлениям деятельности главного бухгалтера и финансового специалиста государственного и муниципального учреждения для принятия квалифицированных решений по тематике учета, отчетности, бюджетного контроля, применения бюджетной классификации, и сопровождение пользователей базы данных.","ГОСУДАРСТВЕННОЕ БЮДЖЕТНОЕ УЧРЕЖДЕНИЕ ЗДРАВООХРАНЕНИЯ КАЛИНИНГРАДСКОЙ ОБЛАСТИ ""ЛАДУШКИНСКАЯ ГОРОДСКАЯ БОЛЬНИЦА""","57679.00","16.03.2026","23.03.2026","https://zakupki.gov.ru/epz/order/notice/zk20/view/common-info.html?regNumber=0335300062226000004"
"0190300004625000432","noise","no","6","найдено в карточке ЕИС; класс=noise; совпадения: электронный архив","электронный архив","","","","распознавание документов","custom","card","44-ФЗ Электронный аукцион","Определение поставщика завершено","Оказание услуг по переводу информационного массива отсканированных документов в формат PDF/A с распознаванием верхнего слоя и загрузке данных в государственную информационную систему «Электронный архив Ямало-Ненецкого автономного округа»","АДМИНИСТРАЦИЯ ГОРОДА МУРАВЛЕНКО","448000.00","29.12.2025","15.01.2026","https://zakupki.gov.ru/epz/order/notice/ea20/view/common-info.html?regNumber=0190300004625000432"
"0380200000126003926","noise","no","4","найдено в карточке/документах ЕИС; класс=noise; совпадения: лицензия","","","лицензия","","классификация документов","custom","card; attached_file","44-ФЗ Электронный аукцион","Подача заявок","Оказание услуг на предоставление неисключительного права использования электронной Базы данных (простая неисключительная лицензия), содержащей методические и справочные материалы, нормативно-правовые документы по основным направлениям деятельности главного бухгалтера и финансового специалиста государственного и муниципального учреждения для принятия квалифицированных решений по тематике учета, отчетности, бюджетного контроля, применения бюджетной классификации","ГОСУДАРСТВЕННЫЙ КОМИТЕТ ПО РЕГУЛИРОВАНИЮ КОНТРАКТНОЙ СИСТЕМЫ В СФЕРЕ ЗАКУПОК РЕСПУБЛИКИ ХАКАСИЯ","88189.11","21.05.2026","29.05.2026","https://zakupki.gov.ru/epz/order/notice/ea20/view/common-info.html?regNumber=0380200000126003926"
"0345200013326000015","noise","no","4","найдено в карточке/документах ЕИС; класс=noise; совпадения: лицензия","","","лицензия","","классификация документов","custom","card; attached_file","44-ФЗ Электронный аукцион","Определение поставщика завершено","Оказание услуг по предоставлению неисключительного права использования электронной Базы данных (простая неисключительная лицензия), содержащей методические и справочные материалы, нормативно-правовые документы по основным направлениям деятельности главного бухгалтера и финансового специалиста государственного учреждения для принятия квалифицированных решений по тематике учета, отчетности, бюджетного контроля, применения бюджетной классификации","ГОСУДАРСТВЕННОЕ КАЗЕННОЕ УЧРЕЖДЕНИЕ ЛЕНИНГРАДСКОЙ ОБЛАСТИ ""ЛЕНИНГРАДСКИЙ ОБЛАСТНОЙ ЦЕНТР ПОДДЕРЖКИ ПРЕДПРИНИМАТЕЛЬСТВА""","93625.00","12.05.2026","20.05.2026","https://zakupki.gov.ru/epz/order/notice/ea20/view/common-info.html?regNumber=0345200013326000015"
"0310300003126000024","noise","no","4","найдено в карточке/документах ЕИС; класс=noise; совпадения: лицензия","","","лицензия","","классификация документов","custom","card; attached_file","44-ФЗ Запрос котировок в электронной форме","Определение поставщика завершено","Предоставление неисключительного права использования электронной Базы данных (простая неисключительная лицензия), содержащей методические и справочные материалы, нормативно-правовые документы по основным направлениям деятельности главного бухгалтера и финансового специалиста государственного и муниципального учреждения для принятия квалифицированных решений по тематике учета, отчетности, бюджетного контроля, применения бюджетной классификации","МУНИЦИПАЛЬНОЕ КАЗЕННОЕ УЧРЕЖДЕНИЕ МУНИЦИПАЛЬНОГО ОБРАЗОВАНИЯ МОЗДОКСКОГО ГОРОДСКОГО ПОСЕЛЕНИЯ ""УПРАВЛЕНИЕ ГОРОДСКОГО ХОЗЯЙСТВА""","142350.00","12.05.2026","19.05.2026","https://zakupki.gov.ru/epz/order/notice/zk20/view/common-info.html?regNumber=0310300003126000024"
"0166300016126000024","noise","no","4","найдено в карточке/документах ЕИС; класс=noise; совпадения: лицензия","","","лицензия","","классификация документов","custom","card; attached_file","44-ФЗ Электронный аукцион","Определение поставщика завершено","Предоставление неисключительного права использования электронной базы данных (простая неисключительная лицензия), содержащей методические и справочные материалы, нормативно-правовые документы по основным направлениям деятельности главного бухгалтера и финансового специалиста государственного и муниципального учреждения для принятия квалифицированных решений по тематике учета, отчетности, бюджетного контроля, применения бюджетной классификации","ТУЛЬСКАЯ ГОРОДСКАЯ ДУМА","132000.00","07.05.2026","15.05.2026","https://zakupki.gov.ru/epz/order/notice/ea20/view/common-info.html?regNumber=0166300016126000024"
"0260100000426000022","noise","no","4","найдено в карточке/документах ЕИС; класс=noise; совпадения: лицензия","","","лицензия","","классификация документов","custom","card; attached_file","44-ФЗ Электронный аукцион","Определение поставщика завершено","Предоставление неисключительного права использования электронной Базы данных (простая неисключительная лицензия), содержащей методические и справочные материалы, нормативно-правовые документы по основным направлениям деятельности главного бухгалтера и финансового специалиста государственного и муниципального учреждения для принятия квалифицированных решений по тематике учета, отчетности, бюджетного контроля, применения бюджетной классификации","ТЕРРИТОРИАЛЬНЫЙ ФОНД ОБЯЗАТЕЛЬНОГО МЕДИЦИНСКОГО СТРАХОВАНИЯ САРАТОВСКОЙ ОБЛАСТИ","114975.00","06.05.2026","14.05.2026","https://zakupki.gov.ru/epz/order/notice/ea20/view/common-info.html?regNumber=0260100000426000022"
"32615979032","noise","no","4","найдено в карточке/документах ЕИС; класс=noise; совпадения: лицензия","","","лицензия","","классификация документов","custom","card; attached_file","223-ФЗ Иной способ","Закупка завершена","Предоставление неисключительного права использования электронной Базы данных (простая неисключительная лицензия), содержащей методические и справочные материалы, нормативно-правовые документы по основным направлениям деятельности главного бухгалтера и финансового специалиста государственного и муниципального учреждения для принятия квалифицированных решений по тематике учета, отчетности, бюджетного контроля, применения бюджетной классификации.","ГОСУДАРСТВЕННОЕ БЮДЖЕТНОЕ СТАЦИОНАРНОЕ УЧРЕЖДЕНИЕ БРЯНСКОЙ ОБЛАСТИ ""СЕЛЬЦОВСКИЙ ДОМ СОЦИАЛЬНОГО ОБСЛУЖИВАНИЯ""","118626.66","05.05.2026","07.05.2026","https://zakupki.gov.ru/223/purchase/public/purchase/info/common-info.html?regNumber=32615979032"
"0356300053626000027","noise","no","4","найдено в карточке/документах ЕИС; класс=noise; совпадения: лицензия","","","лицензия","","классификация документов","custom","card; attached_file","44-ФЗ Электронный аукцион","Определение поставщика завершено","Продление неисключительного права использования (простая неисключительная лицензия) электронной базы данных, содержащей методические и справочные материалы, нормативно-правовые документы по основным направлениям деятельности главного бухгалтера и финансового специалиста государственного и муниципального учреждения для принятия квалифицированных решений по тематике учета, отчетности, бюджетного контроля, применения бюджетной классификации, на 2026-2027 гг.","ГОСУДАРСТВЕННОЕ БЮДЖЕТНОЕ УЧРЕЖДЕНИЕ ЗДРАВООХРАНЕНИЯ ПЕРМСКОГО КРАЯ ""СТАНЦИЯ СКОРОЙ МЕДИЦИНСКОЙ ПОМОЩИ Г. СОЛИКАМСКА""","85815.00","30.04.2026","08.05.2026","https://zakupki.gov.ru/epz/order/notice/ea20/view/common-info.html?regNumber=0356300053626000027"
"0158200004226000015","noise","no","4","найдено в карточке/документах ЕИС; класс=noise; совпадения: лицензия","","","лицензия","","классификация документов","custom","card; attached_file","44-ФЗ Электронный аукцион","Определение поставщика завершено","Оказание услуг по продлению ранее установленной ЭС Госфинансы (простая неисключительная лицензия), содержащей методические и справочные материалы, нормативно-правовые документы по основным направлениям деятельности главного бухгалтера и финансового специалиста государственного и муниципального учреждения для принятия квалифицированных решений по тематике учета, отчетности, бюджетного контроля, применения бюджетной классификации","АДМИНИСТРАТИВНАЯ ИНСПЕКЦИЯ РОСТОВСКОЙ ОБЛАСТИ","177700.00","10.04.2026","20.04.2026","https://zakupki.gov.ru/epz/order/notice/ea20/view/common-info.html?regNumber=0158200004226000015"
"0342200040126000008","noise","no","4","найдено в карточке/документах ЕИС; класс=noise; совпадения: право использования","","","право использования","","классификация документов","custom","card; attached_file","44-ФЗ Запрос котировок в электронной форме","Определение поставщика завершено","Оказание услуг на право использования электронной базы данных на условиях простой (неисключительной) лицензии, содержащей методические и справочные материалы, нормативно-правовые документы по основным направлениям деятельности главного бухгалтера и финансового специалиста государственного и муниципального учреждения для принятия квалифицированных решений по тематике учета, отчетности, бюджетного контроля, применения бюджетной классификации для нужд государственного бюджетного учреждения Самарской области «Агентство по реализации молодежной политики»","ГОСУДАРСТВЕННОЕ БЮДЖЕТНОЕ УЧРЕЖДЕНИЕ САМАРСКОЙ ОБЛАСТИ ""АГЕНТСТВО ПО РЕАЛИЗАЦИИ МОЛОДЕЖНОЙ ПОЛИТИКИ""","152000.00","03.04.2026","10.04.2026","https://zakupki.gov.ru/epz/order/notice/zk20/view/common-info.html?regNumber=0342200040126000008"
"0372200140126000034","noise","no","4","найдено в карточке/документах ЕИС; класс=noise; совпадения: лицензия","","","лицензия","","классификация документов","custom","card; attached_file","44-ФЗ Запрос котировок в электронной форме","Определение поставщика завершено","Оказание услуг по предоставлению неисключительных прав использования электронной базы данных (простая неисключительная лицензия), содержащей методические и справочные материалы, нормативно-правовые документы по основным направлениям деятельности главного бухгалтера и финансового специалиста государственного и муниципального учреждения по тематике учета, отчетности, бюджетного контроля, применения бюджетной классификации (ЭС ""Госфинансы"")","САНКТ-ПЕТЕРБУРГСКОЕ ГОСУДАРСТВЕННОЕ БЮДЖЕТНОЕ УЧРЕЖДЕНИЕ ЗДРАВООХРАНЕНИЯ ""ГОРОДСКАЯ ПОЛИКЛИНИКА № 3""","60715.00","31.03.2026","08.04.2026","https://zakupki.gov.ru/epz/order/notice/zk20/view/common-info.html?regNumber=0372200140126000034"
"0122600004826000027","noise","no","4","найдено в карточке/документах ЕИС; класс=noise; совпадения: лицензия","","","лицензия","","классификация документов","custom","card; attached_file","44-ФЗ Электронный аукцион","Определение поставщика завершено","Предоставление неисключительного права использования электронной Базы данных (простая неисключительная лицензия), содержащей методические и справочные материалы, нормативно-правовые документы по основным направлениям деятельности главного бухгалтера и финансового специалиста государственного и муниципального учреждения для принятия квалифицированных решений по тематике учета, отчетности, бюджетного контроля, применения бюджетной классификации","АДМИНИСТРАЦИЯ СОЛНЕЧНОГО МУНИЦИПАЛЬНОГО ОКРУГА ХАБАРОВСКОГО КРАЯ","162427.92","26.03.2026","03.04.2026","https://zakupki.gov.ru/epz/order/notice/ea20/view/common-info.html?regNumber=0122600004826000027"
"0360300081026000056","noise","no","4","найдено в карточке/документах ЕИС; класс=noise; совпадения: лицензия","","","лицензия","","классификация документов","custom","card; attached_file","44-ФЗ Запрос котировок в электронной форме","Определение поставщика завершено","Предоставление неисключительного права использования электронной Базы данных (простая неисключительная лицензия), содержащей методические и справочные материалы, нормативно-правовые документы по основным направлениям деятельности главного бухгалтера и финансового специалиста государственного и муниципального учреждения для принятия квалифицированных решений по тематике учета, отчетности, бюджетного контроля, применения бюджетной классификации","ГОСУДАРСТВЕННОЕ УЧРЕЖДЕНИЕ ЗДРАВООХРАНЕНИЯ САРАТОВСКОЙ ОБЛАСТИ ""САРАТОВСКАЯ РАЙОННАЯ БОЛЬНИЦА""","51482.00","19.03.2026","27.03.2026","https://zakupki.gov.ru/epz/order/notice/zk20/view/common-info.html?regNumber=0360300081026000056"
"0372200265526000006","noise","no","4","найдено в карточке/документах ЕИС; класс=noise; совпадения: лицензия","","","лицензия","","классификация документов","custom","card; attached_file","44-ФЗ Запрос котировок в электронной форме","Определение поставщика завершено","Оказание услуг по предоставлению неисключительного права использования электронной Базы данных (простая неисключительная лицензия) «ГОСФИНАНСЫ», содержащей методические и справочные материалы, нормативно-правовые документы по основным направлениям деятельности главного бухгалтера и финансового специалиста государственного и муниципального учреждения для принятия квалифицированных решений по тематике учета, отчетности, бюджетного контроля, применения бюджетной классификации для Государственного бюджетного общеобразовательного учреждения школа № 665 Красногвардейского района Санкт-Петербурга ""Школа здоровья и индивидуального развития"" в 2026 году","ГОСУДАРСТВЕННОЕ БЮДЖЕТНОЕ ОБЩЕОБРАЗОВАТЕЛЬНОЕ УЧРЕЖДЕНИЕ ШКОЛА № 665 КРАСНОГВАРДЕЙСКОГО РАЙОНА САНКТ-ПЕТЕРБУРГА ""ШКОЛА ЗДОРОВЬЯ И ИНДИВИДУАЛЬНОГО РАЗВИТИЯ""","186564.00","19.03.2026","26.03.2026","https://zakupki.gov.ru/epz/order/notice/zk20/view/common-info.html?regNumber=0372200265526000006"
"0118300010526000045","noise","no","4","найдено в карточке/документах ЕИС; класс=noise; совпадения: лицензия","","","лицензия","","классификация документов","custom","card; attached_file","44-ФЗ Запрос котировок в электронной форме","Определение поставщика завершено","Продление неисключительных прав использования электронной Базы данных Госфинансы Плюс (простая неисключительная лицензия), содержащей методические и справочные материалы, нормативно-правовые документы по основным направлениям деятельности главного бухгалтера и финансового специалиста государственного и муниципального учреждения для принятия квалифицированных решений по тематике учета, отчетности, бюджетного контроля, применения бюджетной классификации.","АДМИНИСТРАЦИЯ МУНИЦИПАЛЬНОГО ОБРАЗОВАНИЯ БЕЛОРЕЧЕНСКИЙ МУНИЦИПАЛЬНЫЙ РАЙОН КРАСНОДАРСКОГО КРАЯ","173361.33","02.03.2026","10.03.2026","https://zakupki.gov.ru/epz/order/notice/zk20/view/common-info.html?regNumber=0118300010526000045"
"0124200000626000806","noise","no","4","найдено в карточке/документах ЕИС; класс=noise; совпадения: лицензия","","","лицензия","","классификация документов","custom","card; attached_file","44-ФЗ Электронный аукцион","Определение поставщика завершено","оказание услуг по предоставлению неисключительного права использования электронной Базы данных (простая неисключительная лицензия), содержащей методические и справочные материалы, нормативно-правовые документы по основным направлениям деятельности главного бухгалтера и финансового специалиста государственного и муниципального учреждения для принятия квалифицированных решений по тематике учета, отчетности, бюджетного контроля, применения бюджетной классификации","КОНТРАКТНОЕ АГЕНТСТВО АРХАНГЕЛЬСКОЙ ОБЛАСТИ","254939.74","24.02.2026","05.03.2026","https://zakupki.gov.ru/epz/order/notice/ea20/view/common-info.html?regNumber=0124200000626000806"
"32615723916","noise","no","4","найдено в карточке/документах ЕИС; класс=noise; совпадения: лицензия","","","лицензия","","классификация документов","custom","card; attached_file","223-ФЗ Иной способ","Закупка завершена","Предоставление неисключительного права использования электронной Базы данных (простая неисключительная лицензия), содержащей методические и справочные материалы, нормативно-правовые документы по основным направлениям деятельности главного бухгалтера и финансового специалиста государственного и муниципального учреждения для принятия квалифицированных решений по тематике учета, отчетности, бюджетного контроля, применения бюджетной классификации.","КРАЕВОЕ ГОСУДАРСТВЕННОЕ БЮДЖЕТНОЕ УЧРЕЖДЕНИЕ ЗДРАВООХРАНЕНИЯ ""КРАСНОЯРСКАЯ ГОРОДСКАЯ СТОМАТОЛОГИЧЕСКАЯ ПОЛИКЛИНИКА № 4""","89133.00","19.02.2026","02.03.2026","https://zakupki.gov.ru/223/purchase/public/purchase/info/common-info.html?regNumber=32615723916"
"0122600004826000005","noise","no","4","найдено в карточке/документах ЕИС; класс=noise; совпадения: лицензия","","","лицензия","","классификация документов","custom","card; attached_file","44-ФЗ Запрос котировок в электронной форме","Определение поставщика завершено","Предоставление неисключительного права использования электронной базы данных(простая неисключительная лицензия),содержащей методические и справочные материалы, нормативно-правовые документы по основным направлениям деятельности главного бухгалтера и финансового специалиста государственного и муниципального учреждения для принятия квалифицированных решений по тематике учета, отчетности, бюджетного контроля, применения бюджетной классификации","АДМИНИСТРАЦИЯ СОЛНЕЧНОГО МУНИЦИПАЛЬНОГО ОКРУГА ХАБАРОВСКОГО КРАЯ","304042.08","16.02.2026","25.02.2026","https://zakupki.gov.ru/epz/order/notice/zk20/view/common-info.html?regNumber=0122600004826000005"
"0832500000226000002","noise","no","4","найдено в карточке/документах ЕИС; класс=noise; совпадения: лицензия","","","лицензия","","классификация документов","custom","card; attached_file","44-ФЗ Запрос котировок в электронной форме","Определение поставщика завершено","Предоставление неисключительного права использования электронной Базы данных (простая неисключительная лицензия), содержащей методические и справочные материалы, нормативно-правовые документы по основным направлениям деятельности главного бухгалтера и финансового специалиста государственного и муниципального учреждения для принятия квалифицированных решений по тематике учета, отчетности, бюджетного контроля, применения бюджетной классификации.","ГОСУДАРСТВЕННОЕ КАЗЕННОЕ УЧРЕЖДЕНИЕ ""УПРАВЛЕНИЕ ПО ОБЕСПЕЧЕНИЮ ДЕЯТЕЛЬНОСТИ МИНИСТЕРСТВА ОБРАЗОВАНИЯ И НАУКИ НИЖЕГОРОДСКОЙ ОБЛАСТИ""","137707.20","12.02.2026","19.02.2026","https://zakupki.gov.ru/epz/order/notice/zk20/view/common-info.html?regNumber=0832500000226000002"
"0816500000626001176","noise","no","4","найдено в карточке/документах ЕИС; класс=noise; совпадения: лицензия","","","лицензия","","классификация документов","custom","card; attached_file","44-ФЗ Электронный аукцион","Определение поставщика завершено","Оказание услуг по предоставлению неисключительного права использования электронной Базы данных (простая неисключительная лицензия), содержащей методические и справочные материалы, нормативно-правовые документы по основным направлениям деятельности главного бухгалтера и финансового специалиста государственного и муниципального учреждения для принятия квалифицированных решений по тематике учета, отчетности, бюджетного контроля, применения бюджетной классификации.","ГОСУДАРСТВЕННОЕ КАЗЕННОЕ УЧРЕЖДЕНИЕ РЕСПУБЛИКИ САХА (ЯКУТИЯ) ""ЦЕНТР ЗАКУПОК РЕСПУБЛИКИ САХА (ЯКУТИЯ)""","161200.00","09.02.2026","18.02.2026","https://zakupki.gov.ru/epz/order/notice/ea20/view/common-info.html?regNumber=0816500000626001176"
"0118300010526000015","noise","no","4","найдено в карточке/документах ЕИС; класс=noise; совпадения: лицензия","","","лицензия","","классификация документов","custom","card; attached_file","44-ФЗ Запрос котировок в электронной форме","Определение поставщика отменено","Предоставление неисключительных прав использования электронной Базы данных Госфинансы Плюс (простая неисключительная лицензия), содержащей методические и справочные материалы, нормативно-правовые документы по основным направлениям деятельности главного бухгалтера и финансового специалиста государственного и муниципального учреждения для принятия квалифицированных решений по тематике учета, отчетности, бюджетного контроля, применения бюджетной классификации","АДМИНИСТРАЦИЯ МУНИЦИПАЛЬНОГО ОБРАЗОВАНИЯ БЕЛОРЕЧЕНСКИЙ МУНИЦИПАЛЬНЫЙ РАЙОН КРАСНОДАРСКОГО КРАЯ","164664.00","05.02.2026","12.02.2026","https://zakupki.gov.ru/epz/order/notice/zk20/view/common-info.html?regNumber=0118300010526000015"
"32615674879","noise","no","4","найдено в карточке/документах ЕИС; класс=noise; совпадения: лицензия","","","лицензия","","классификация документов","custom","card; attached_file","223-ФЗ Иной способ","Закупка завершена","Предоставление неисключительного права использования электронной Базы данных (простая неисключительная лицензия), содержащей методические и справочные материалы, нормативно-правовые документы по основным направлениям деятельности главного бухгалтера и финансового специалиста государственного и муниципального учреждения для принятия квалифицированных решений по тематике учета, отчетности, бюджетного контроля, применения бюджетной классификации.","МУНИЦИПАЛЬНОЕ АВТОНОМНОЕ УЧРЕЖДЕНИЕ ""МНОГОФУНКЦИОНАЛЬНЫЙ ЦЕНТР ПРЕДОСТАВЛЕНИЯ ГОСУДАРСТВЕННЫХ И МУНИЦИПАЛЬНЫХ УСЛУГ БЕССОНОВСКОГО РАЙОНА ПЕНЗЕНСКОЙ ОБЛАСТИ""","54189.00","05.02.2026","10.02.2026","https://zakupki.gov.ru/223/purchase/public/purchase/info/common-info.html?regNumber=32615674879"
"0172300008826000006","noise","no","4","найдено в карточке/документах ЕИС; класс=noise; совпадения: лицензия","","","лицензия","","классификация документов","custom","card; attached_file","44-ФЗ Электронный аукцион","Определение поставщика завершено","Предоставление неисключительного права использования электронной Базы данных (простая неисключительная лицензия), содержащей методические и справочные материалы, нормативно-правовые документы по основным направлениям деятельности главного бухгалтера и финансового специалиста государственного и муниципального учреждения для принятия квалифицированных решений по тематике учета, отчетности, бюджетного контроля, применения бюджетной классификации","МЕСТНАЯ АДМИНИСТРАЦИЯ ВНУТРИГОРОДСКОГО МУНИЦИПАЛЬНОГО ОБРАЗОВАНИЯ ГОРОДА ФЕДЕРАЛЬНОГО ЗНАЧЕНИЯ САНКТ-ПЕТЕРБУРГА МУНИЦИПАЛЬНЫЙ ОКРУГ КОЛОМЯГИ","88074.00","04.02.2026","12.02.2026","https://zakupki.gov.ru/epz/order/notice/ea20/view/common-info.html?regNumber=0172300008826000006"
"0832500000226000001","noise","no","4","найдено в карточке/документах ЕИС; класс=noise; совпадения: лицензия","","","лицензия","","классификация документов","custom","card; attached_file","44-ФЗ Запрос котировок в электронной форме","Определение поставщика завершено","Предоставление неисключительного права использования электронной Базы данных (простая неисключительная лицензия), содержащей методические и справочные материалы, нормативно-правовые документы по основным направлениям деятельности главного бухгалтера и финансового специалиста государственного и муниципального учреждения для принятия квалифицированных решений по тематике учета, отчетности, бюджетного контроля, применения бюджетной классификации.","ГОСУДАРСТВЕННОЕ КАЗЕННОЕ УЧРЕЖДЕНИЕ ""УПРАВЛЕНИЕ ПО ОБЕСПЕЧЕНИЮ ДЕЯТЕЛЬНОСТИ МИНИСТЕРСТВА ОБРАЗОВАНИЯ И НАУКИ НИЖЕГОРОДСКОЙ ОБЛАСТИ""","137707.20","30.01.2026","06.02.2026","https://zakupki.gov.ru/epz/order/notice/zk20/view/common-info.html?regNumber=0832500000226000001"
"0372200022126000003","noise","no","4","найдено в карточке/документах ЕИС; класс=noise; совпадения: лицензия","","","лицензия","","классификация документов","custom","card; attached_file","44-ФЗ Электронный аукцион","Определение поставщика завершено","Оказание услуг по предоставлению неисключительного права использования электронной Базы данных (простая неисключительная лицензия), содержащей методические и справочные материалы, нормативно-правовые документы по основным направлениям деятельности главного бухгалтера и финансового специалиста государственного учреждения для принятия квалифицированных решений по тематике учета, отчетности, бюджетного контроля, применения бюджетной классификации для Санкт-Петербургского государственного бюджетного учреждения дополнительного образования «Детская школа искусств «Охтинский центр эстетического воспитания» для нужд Санкт-Петербурга в 2026 году","САНКТ-ПЕТЕРБУРГСКОЕ ГОСУДАРСТВЕННОЕ БЮДЖЕТНОЕ УЧРЕЖДЕНИЕ ДОПОЛНИТЕЛЬНОГО ОБРАЗОВАНИЯ ""ДЕТСКАЯ ШКОЛА ИСКУССТВ ""ОХТИНСКИЙ ЦЕНТР ЭСТЕТИЧЕСКОГО ВОСПИТАНИЯ""","89614.60","29.01.2026","06.02.2026","https://zakupki.gov.ru/epz/order/notice/ea20/view/common-info.html?regNumber=0372200022126000003"
"0816500000626000184","noise","no","4","найдено в карточке/документах ЕИС; класс=noise; совпадения: лицензия","","","лицензия","","классификация документов","custom","card; attached_file","44-ФЗ Электронный аукцион","Определение поставщика завершено","Оказание услуг по предоставлению неисключительного права использования электронной Базы данных (простая неисключительная лицензия), содержащей методические и справочные материалы, нормативно-правовые документы по основным направлениям деятельности главного бухгалтера и финансового специалиста государственного и муниципального учреждения для принятия квалифицированных решений по тематике учета, отчетности, бюджетного контроля, применения бюджетной классификации.","ГОСУДАРСТВЕННОЕ КАЗЕННОЕ УЧРЕЖДЕНИЕ РЕСПУБЛИКИ САХА (ЯКУТИЯ) ""ЦЕНТР ЗАКУПОК РЕСПУБЛИКИ САХА (ЯКУТИЯ)""","161200.00","23.01.2026","02.02.2026","https://zakupki.gov.ru/epz/order/notice/ea20/view/common-info.html?regNumber=0816500000626000184"
"0172300008826000005","noise","no","4","найдено в карточке/документах ЕИС; класс=noise; совпадения: лицензия","","","лицензия","","классификация документов","custom","card; attached_file","44-ФЗ Электронный аукцион","Определение поставщика отменено","Оказание услуг по предоставлению неисключительного права использования электронной Базы данных (простая неисключительная лицензия), содержащей методические и справочные материалы, нормативно-правовые документы по основным направлениям деятельности главного бухгалтера и финансового специалиста государственного и муниципального учреждения для принятия квалифицированных решений по тематике учета, отчетности, бюджетного контроля, применения бюджетной классификации","МЕСТНАЯ АДМИНИСТРАЦИЯ ВНУТРИГОРОДСКОГО МУНИЦИПАЛЬНОГО ОБРАЗОВАНИЯ ГОРОДА ФЕДЕРАЛЬНОГО ЗНАЧЕНИЯ САНКТ-ПЕТЕРБУРГА МУНИЦИПАЛЬНЫЙ ОКРУГ КОЛОМЯГИ","80734.50","23.01.2026","02.02.2026","https://zakupki.gov.ru/epz/order/notice/ea20/view/common-info.html?regNumber=0172300008826000005"
"0345300049226000001","noise","no","4","найдено в карточке/документах ЕИС; класс=noise; совпадения: лицензия","","","лицензия","","классификация документов","custom","card; attached_file","44-ФЗ Электронный аукцион","Определение поставщика завершено","Предоставление неисключительного права использования электронной Базы данных (простая неисключительная лицензия), содержащей методические и справочные материалы, нормативно-правовые документы по основным направлениям деятельности главного бухгалтера и финансового специалиста государственного и муниципального учреждения для принятия квалифицированных решений по тематике учета, отчетности, бюджетного контроля, применения бюджетной классификации, на 12 месяцев","ЛЕНИНГРАДСКОЕ ОБЛАСТНОЕ ГОСУДАРСТВЕННОЕ БЮДЖЕТНОЕ УЧРЕЖДЕНИЕ ""КИНГИСЕППСКИЙ СОЦИАЛЬНО-РЕАБИЛИТАЦИОННЫЙ ЦЕНТР ДЛЯ НЕСОВЕРШЕННОЛЕТНИХ""","49275.00","21.01.2026","29.01.2026","https://zakupki.gov.ru/epz/order/notice/ea20/view/common-info.html?regNumber=0345300049226000001"
"0318200076025000137","noise","no","4","найдено в карточке/документах ЕИС; класс=noise; совпадения: лицензия","","","лицензия","","классификация документов","custom","card; attached_file","44-ФЗ Электронный аукцион","Определение поставщика завершено","Предоставление неисключительного права использования электронной Базы данных (простая неисключительная лицензия), содержащей методические и справочные материалы, нормативно-правовые документы по основным направлениям деятельности главного бухгалтера и финансового специалиста государственного и муниципального учреждения для принятия квалифицированных решений по тематике учета, отчетности, бюджетного контроля, применения бюджетной классификации","ГОСУДАРСТВЕННОЕ БЮДЖЕТНОЕ УЧРЕЖДЕНИЕ ЗДРАВООХРАНЕНИЯ ""ЦЕНТР ОБЩЕСТВЕННОГО ЗДОРОВЬЯ И МЕДИЦИНСКОЙ ПРОФИЛАКТИКИ"" МИНИСТЕРСТВА ЗДРАВООХРАНЕНИЯ КРАСНОДАРСКОГО КРАЯ","195655.00","08.12.2025","16.12.2025","https://zakupki.gov.ru/epz/order/notice/ea20/view/common-info.html?regNumber=0318200076025000137"
"0124200000625007380","noise","no","4","найдено в карточке/документах ЕИС; класс=noise; совпадения: лицензия","","","лицензия","","классификация документов","custom","card; attached_file","44-ФЗ Электронный аукцион","Определение поставщика завершено","Предоставление неисключительного права использования электронной Базы данных (простая неисключительная лицензия), содержащей методические и справочные материалы, нормативно-правовые документы по основным направлениям деятельности главного бухгалтера и финансового специалиста государственного и муниципального учреждения для принятия квалифицированных решений по тематике учета, отчетности, бюджетного контроля, применения бюджетной классификации.","КОНТРАКТНОЕ АГЕНТСТВО АРХАНГЕЛЬСКОЙ ОБЛАСТИ","105000.00","02.12.2025","10.12.2025","https://zakupki.gov.ru/epz/order/notice/ea20/view/common-info.html?regNumber=0124200000625007380"
"0372100000526000068","noise","no","3","найдено в карточке/документах ЕИС; класс=noise; совпадения: нет","","","","","распознавание документов | распознавание текста | классификация документов | интеллектуальный поиск документов | семантический поиск документов | RAG документы | анализ документов искусственный интеллект | обработка документов искусственный интеллект","custom","card; attached_file","44-ФЗ Электронный аукцион","Подача заявок","Поставка отечественных книжных печатных изданий","ФЕДЕРАЛЬНОЕ ГОСУДАРСТВЕННОЕ БЮДЖЕТНОЕ УЧРЕЖДЕНИЕ ""РОССИЙСКАЯ НАЦИОНАЛЬНАЯ БИБЛИОТЕКА""","2523018.78","29.05.2026","08.06.2026","https://zakupki.gov.ru/epz/order/notice/ea20/view/common-info.html?regNumber=0372100000526000068"
"0373100040126000350","noise","no","3","найдено в карточке/документах ЕИС; класс=noise; совпадения: нет","","","","","интеллектуальный поиск документов | семантический поиск документов | анализ документов искусственный интеллект","custom","card; attached_file","44-ФЗ Запрос котировок в электронной форме","Подача заявок","Закупка печатных изданий для Научной библиотеки МГУ им. М.В. Ломоносова (ИД 88157))","ФЕДЕРАЛЬНОЕ ГОСУДАРСТВЕННОЕ БЮДЖЕТНОЕ ОБРАЗОВАТЕЛЬНОЕ УЧРЕЖДЕНИЕ ВЫСШЕГО ОБРАЗОВАНИЯ ""МОСКОВСКИЙ ГОСУДАРСТВЕННЫЙ УНИВЕРСИТЕТ ИМЕНИ М.В.ЛОМОНОСОВА""","1432605.48","29.05.2026","09.06.2026","https://zakupki.gov.ru/epz/order/notice/zk20/view/common-info.html?regNumber=0373100040126000350"
"32616051109","noise","no","3","найдено в карточке/документах ЕИС; класс=noise; совпадения: нет","","","","","классификация документов","custom","card; attached_file","223-ФЗ Иной способ","Подача заявок","Выполнение работ по разработке нормативного документа, регламентирующего порядок, классификацию и периодичность различных видов ремонтов трамвайных путей для обеспечения потребности (деятельности) подразделений СПб ГУП ""Горэлектротранс""","САНКТ-ПЕТЕРБУРГСКОЕ ГОСУДАРСТВЕННОЕ УНИТАРНОЕ ПРЕДПРИЯТИЕ ГОРОДСКОГО ЭЛЕКТРИЧЕСКОГО ТРАНСПОРТА","5002000.00","27.05.2026","15.06.2026","https://zakupki.gov.ru/223/purchase/public/purchase/info/common-info.html?regNumber=32616051109"
"0806500000226000438","noise","no","3","найдено в карточке/документах ЕИС; класс=noise; совпадения: нет","","","","","интеллектуальный поиск документов | анализ документов искусственный интеллект","custom","card; attached_file","44-ФЗ Электронный аукцион","Подача заявок","Поставка книжной продукции","ГОСУДАРСТВЕННОЕ КАЗЕННОЕ УЧРЕЖДЕНИЕ РЕСПУБЛИКИ КАРЕЛИЯ ""ЦЕНТР ОРГАНИЗАЦИИ ЗАКУПОК РЕСПУБЛИКИ КАРЕЛИЯ И МОНИТОРИНГА В СФЕРЕ ЭКОНОМИКИ""","299986.69","27.05.2026","05.06.2026","https://zakupki.gov.ru/epz/order/notice/ea20/view/common-info.html?regNumber=0806500000226000438"
"0373100040126000331","noise","no","3","найдено в карточке/документах ЕИС; класс=noise; совпадения: нет","","","","","интеллектуальный поиск документов | анализ документов искусственный интеллект","custom","card; attached_file","44-ФЗ Запрос котировок в электронной форме","Подача заявок","Закупка печатных изданий (книги) для учебного процесса Филиала МГУ в г. Севастополе (ИД 87173))","ФЕДЕРАЛЬНОЕ ГОСУДАРСТВЕННОЕ БЮДЖЕТНОЕ ОБРАЗОВАТЕЛЬНОЕ УЧРЕЖДЕНИЕ ВЫСШЕГО ОБРАЗОВАНИЯ ""МОСКОВСКИЙ ГОСУДАРСТВЕННЫЙ УНИВЕРСИТЕТ ИМЕНИ М.В.ЛОМОНОСОВА""","562000.00","25.05.2026","02.06.2026","https://zakupki.gov.ru/epz/order/notice/zk20/view/common-info.html?regNumber=0373100040126000331"
"0872500002326000028","noise","no","3","найдено в карточке/документах ЕИС; класс=noise; совпадения: нет","","","","","классификация документов","custom","card; attached_file","44-ФЗ Электронный аукцион","Определение поставщика завершено","Оказание услуг по проведению очередного освидетельствования в Российском Классификационном Обществе судна ""Редут"" с целью определения технического состояния элементов судна, подтверждения класса судна и оформление нового свидетельства о классификации, получение судовых регистровых документов, подтверждающих годность судна к плаванию","САНКТ-ПЕТЕРБУРГСКОЕ ГОСУДАРСТВЕННОЕ КАЗЕННОЕ УЧРЕЖДЕНИЕ ""АВАРИЙНО-СПАСАТЕЛЬНАЯ СЛУЖБА ПО ПРЕДУПРЕЖДЕНИЮ И ЛИКВИДАЦИИ АВАРИЙНЫХ РАЗЛИВОВ НЕФТИ И НЕФТЕПРОДУКТОВ НА АКВАТОРИЯХ И ВЫПОЛНЕНИЮ ЛЕДОКОЛЬНЫХ РАБОТ ""ПИЛАРН""","15223942.58","19.05.2026","27.05.2026","https://zakupki.gov.ru/epz/order/notice/ea20/view/common-info.html?regNumber=0872500002326000028"
"32616016204","noise","no","3","найдено в карточке/документах ЕИС; класс=noise; совпадения: нет","","","","","классификация документов","custom","card; attached_file","223-ФЗ Запрос котировок в электронной форме, участниками которого могут быть только субъекты малого и среднего предпринимательства","Закупка завершена","Запрос котировок в электронной форме, участниками которого могут быть только субъекты малого и среднего предпринимательства, № АЧБФ-АУ-08-26 по выбору организации на право заключения договора на выполнение работ по замене штатного дизель-генератора на новый дизель-генератор ДГР2-30/1500-РД1В43 согласно проектной документации ПБФ 5725.25/Р-47-1 на ледоколе-буксире-толкаче-спасателе «Фанагория» под техническим наблюдением ФАУ «Российское Классификационное Общество»","ФЕДЕРАЛЬНОЕ ГОСУДАРСТВЕННОЕ УНИТАРНОЕ ПРЕДПРИЯТИЕ ""РОСМОРПОРТ""","920000.00","18.05.2026","26.05.2026","https://zakupki.gov.ru/223/purchase/public/purchase/info/common-info.html?regNumber=32616016204"
"0172100003026000053","noise","no","3","найдено в карточке/документах ЕИС; класс=noise; совпадения: нет","","","","","распознавание документов","custom","card; attached_file","44-ФЗ Электронный аукцион","Определение поставщика завершено","Оказание услуг по ремонту и техническому обслуживанию средств автоматизации, систем управления, установок, комплексов, систем и технических средств безопасности, смонтированных в служебно-производственных зданиях и на прилегающих территориях к зданиям таможенной инфраструктуры СЗТУ, СЗЭТ","СЕВЕРО-ЗАПАДНОЕ ТАМОЖЕННОЕ УПРАВЛЕНИЕ","16558067.78","15.05.2026","25.05.2026","https://zakupki.gov.ru/epz/order/notice/ea20/view/common-info.html?regNumber=0172100003026000053"
"0372100052926000425","noise","no","3","найдено в карточке/документах ЕИС; класс=noise; совпадения: нет","","","","","обработка документов искусственный интеллект","custom","card; attached_file","44-ФЗ Электронный аукцион","Работа комиссии","Поставка учебной и научной литературы","ФЕДЕРАЛЬНОЕ ГОСУДАРСТВЕННОЕ БЮДЖЕТНОЕ ОБРАЗОВАТЕЛЬНОЕ УЧРЕЖДЕНИЕ ВЫСШЕГО ОБРАЗОВАНИЯ ""СЕВЕРО-ЗАПАДНЫЙ ГОСУДАРСТВЕННЫЙ МЕДИЦИНСКИЙ УНИВЕРСИТЕТ ИМЕНИ И.И. МЕЧНИКОВА"" МИНИСТЕРСТВА ЗДРАВООХРАНЕНИЯ РОССИЙСКОЙ ФЕДЕРАЦИИ","9560382.90","15.05.2026","26.05.2026","https://zakupki.gov.ru/epz/order/notice/ea20/view/common-info.html?regNumber=0372100052926000425"
"0316100015226000110","noise","no","3","найдено в карточке/документах ЕИС; класс=noise; совпадения: нет","","","","","классификация документов","custom","card; attached_file","44-ФЗ Электронный аукцион","Определение поставщика завершено","Выполнение работ по разработке технической документации на изготовление новых насадок и их согласование с Российским Классификационным Обществом","ФЕДЕРАЛЬНОЕ БЮДЖЕТНОЕ УЧРЕЖДЕНИЕ ""АДМИНИСТРАЦИЯ ЛЕНСКОГО БАССЕЙНА ВНУТРЕННИХ ВОДНЫХ ПУТЕЙ""","50000.00","14.05.2026","25.05.2026","https://zakupki.gov.ru/epz/order/notice/ea20/view/common-info.html?regNumber=0316100015226000110"
"0817200000326006791","noise","no","3","найдено в карточке/документах ЕИС; класс=noise; совпадения: нет","","","","","анализ документов искусственный интеллект | обработка документов искусственный интеллект","custom","card; attached_file","44-ФЗ Электронный аукцион","Определение поставщика завершено","Поставка книг для комплектования книжных фондов","КРАЕВОЕ ГОСУДАРСТВЕННОЕ КАЗЕННОЕ УЧРЕЖДЕНИЕ ""ЦЕНТР ГОСУДАРСТВЕННЫХ ЗАКУПОК АЛТАЙСКОГО КРАЯ""","500000.00","07.05.2026","19.05.2026","https://zakupki.gov.ru/epz/order/notice/ea20/view/common-info.html?regNumber=0817200000326006791"
"0870600003326000001","noise","no","3","найдено в карточке/документах ЕИС; класс=noise; совпадения: нет","","","","","обработка документов искусственный интеллект","custom","card; attached_file","44-ФЗ Электронный аукцион","Определение поставщика завершено","Поставка книг для комплектования книжных фондов","МУНИЦИПАЛЬНОЕ КАЗЕННОЕ УЧРЕЖДЕНИЕ ""АКИМОВСКАЯ ЦЕНТРАЛИЗОВАННАЯ БИБЛИОТЕЧНАЯ СИСТЕМА""","8355386.70","06.05.2026","14.05.2026","https://zakupki.gov.ru/epz/order/notice/ea20/view/common-info.html?regNumber=0870600003326000001"
"0163200000326002420","noise","no","3","найдено в карточке/документах ЕИС; класс=noise; совпадения: нет","","","","","интеллектуальный поиск документов | анализ документов искусственный интеллект | обработка документов искусственный интеллект","custom","card; attached_file","44-ФЗ Электронный аукцион","Определение поставщика завершено","0961-аэф Поставка книжной продукции для нужд ГБУК ""Смоленская областная универсальная научная библиотека им.А.Т.Твардовского""","ГЛАВНОЕ УПРАВЛЕНИЕ СМОЛЕНСКОЙ ОБЛАСТИ ПО РЕГУЛИРОВАНИЮ КОНТРАКТНОЙ СИСТЕМЫ","914133.14","05.05.2026","15.05.2026","https://zakupki.gov.ru/epz/order/notice/ea20/view/common-info.html?regNumber=0163200000326002420"
"0118300003726000177","noise","no","3","найдено в карточке/документах ЕИС; класс=noise; совпадения: нет","","","","","классификация документов","custom","card; attached_file","44-ФЗ Электронный аукцион","Определение поставщика завершено","Предоставление заказчику прав использования электронной базы данных на условиях простой (неисключительной) лицензии, содержащей методические и справочные материалы, нормативно-правовые документы по основным направлениям деятельности главного бухгалтера и финансового специалиста государственного и муниципального учреждения для принятия квалифицированных решений по тематике учета, отчетности, бюджетного контроля, применения бюджетной классификации","АДМИНИСТРАЦИЯ МУНИЦИПАЛЬНОГО ОБРАЗОВАНИЯ ГОРОДСКОЙ ОКРУГ ГОРОД-КУРОРТ ГЕЛЕНДЖИК КРАСНОДАРСКОГО КРАЯ","219770.00","30.04.2026","13.05.2026","https://zakupki.gov.ru/epz/order/notice/ea20/view/common-info.html?regNumber=0118300003726000177"
"32615959840","noise","no","3","найдено в карточке/документах ЕИС; класс=noise; совпадения: нет","","","","","распознавание документов","custom","card; attached_file","223-ФЗ Иной способ","Закупка завершена","Поставка программно-аппаратного комплекса для сканирования и распознавания документов","ФЕДЕРАЛЬНОЕ ГОСУДАРСТВЕННОЕ АВТОНОМНОЕ УЧРЕЖДЕНИЕ ""НАЦИОНАЛЬНЫЙ МЕДИЦИНСКИЙ ИССЛЕДОВАТЕЛЬСКИЙ ЦЕНТР ""МЕЖОТРАСЛЕВОЙ НАУЧНО-ТЕХНИЧЕСКИЙ КОМПЛЕКС ""МИКРОХИРУРГИЯ ГЛАЗА"" ИМЕНИ АКАДЕМИКА С.Н. ФЕДОРОВА"" МИНИСТЕРСТВА ЗДРАВООХРАНЕНИЯ РОССИЙСКОЙ ФЕДЕРАЦИИ","699000.00","28.04.2026","07.05.2026","https://zakupki.gov.ru/223/purchase/public/purchase/info/common-info.html?regNumber=32615959840"
"0356500001426003567","noise","no","3","найдено в карточке/документах ЕИС; класс=noise; совпадения: нет","","","","","распознавание текста","custom","card; attached_file","44-ФЗ Электронный аукцион","Определение поставщика завершено","Оказание услуг по предоставлению сертификата технической поддержки программного комплекса автоматического распознавания речи для семантического анализа речи BSS.SignyFi (БСС.СигниФай) и для преобразования речи в текстовую запись BSS.CodyFi (БСС.КодиФай)","ГОСУДАРСТВЕННОЕ КАЗЕННОЕ УЧРЕЖДЕНИЕ ПЕРМСКОГО КРАЯ ""ЦЕНТР ОРГАНИЗАЦИИ ЗАКУПОК""","1759000.00","23.04.2026","04.05.2026","https://zakupki.gov.ru/epz/order/notice/ea20/view/common-info.html?regNumber=0356500001426003567"
"0173600000226000019","noise","no","3","найдено в карточке/документах ЕИС; класс=noise; совпадения: нет","","","","","классификация документов","custom","card; attached_file","44-ФЗ Запрос котировок в электронной форме","Определение поставщика завершено","Права использования электронной базы данных на условиях простой (неисключительной) лицензии, содержащей методические и справочные материалы, нормативно-правовые документы по основным направлениям деятельности главного бухгалтера и финансового специалиста государственного и муниципального учреждения для принятия квалифицированных решений по тематике учета, отчетности, бюджетного контроля, применения бюджетной классификации.","АППАРАТ СОВЕТА ДЕПУТАТОВ ВНУТРИГОРОДСКОГО МУНИЦИПАЛЬНОГО ОБРАЗОВАНИЯ - ГОРОДСКОГО ОКРУГА ТРОИЦК В ГОРОДЕ МОСКВЕ","116700.00","23.04.2026","30.04.2026","https://zakupki.gov.ru/epz/order/notice/zk20/view/common-info.html?regNumber=0173600000226000019"
"0348200081026002292","noise","no","3","найдено в карточке/документах ЕИС; класс=noise; совпадения: нет","","","","","распознавание документов","custom","card; attached_file","44-ФЗ Электронный аукцион","Определение поставщика завершено","Оказание услуг по сопровождению подсистемы обеспечения голосового ввода информации при оформлении медицинской документации на базе технологии распознавания речи при работе в государственной информационной системе «Единая медицинская информационно-аналитическая система Московской области» в 2026-2027 годах","ГОСУДАРСТВЕННОЕ КАЗЕННОЕ УЧРЕЖДЕНИЕ МОСКОВСКОЙ ОБЛАСТИ ""ДИРЕКЦИЯ ЕДИНОГО ЗАКАЗЧИКА МИНИСТЕРСТВА ЗДРАВООХРАНЕНИЯ МОСКОВСКОЙ ОБЛАСТИ""","13200000.00","20.04.2026","29.04.2026","https://zakupki.gov.ru/epz/order/notice/ea20/view/common-info.html?regNumber=0348200081026002292"
"0195100000226000006","noise","no","3","найдено в карточке/документах ЕИС; класс=noise; совпадения: нет","","","","","распознавание документов","custom","card; attached_file","44-ФЗ Электронный аукцион","Определение поставщика завершено","Поставка комплектующих деталей для ремонта и обслуживания копировально-множительной техники центрального аппарата Министерства здравоохранения Российской Федерации субъектами малого предпринимательства, социально ориентированными некоммерческими организациями","МИНИСТЕРСТВО ЗДРАВООХРАНЕНИЯ РОССИЙСКОЙ ФЕДЕРАЦИИ","5000000.00","15.04.2026","23.04.2026","https://zakupki.gov.ru/epz/order/notice/ea20/view/common-info.html?regNumber=0195100000226000006"
"0372200096226000004","noise","no","3","найдено в карточке/документах ЕИС; класс=noise; совпадения: нет","","","","","интеллектуальный поиск документов","custom","card; attached_file","44-ФЗ Электронный аукцион","Определение поставщика завершено","Книги","САНКТ-ПЕТЕРБУРГСКОЕ ГОСУДАРСТВЕННОЕ БЮДЖЕТНОЕ УЧРЕЖДЕНИЕ КУЛЬТУРЫ ""ЦЕНТРАЛЬНАЯ ГОРОДСКАЯ ПУБЛИЧНАЯ БИБЛИОТЕКА ИМЕНИ В.В. МАЯКОВСКОГО""","605784.41","13.04.2026","22.04.2026","https://zakupki.gov.ru/epz/order/notice/ea20/view/common-info.html?regNumber=0372200096226000004"
"0176200005526000536","noise","no","3","найдено в карточке/документах ЕИС; класс=noise; совпадения: нет","","","","","интеллектуальный поиск документов | семантический поиск документов | анализ документов искусственный интеллект | обработка документов искусственный интеллект","custom","card; attached_file","44-ФЗ Электронный аукцион","Определение поставщика завершено","Поставка книжной продукции для пополнения библиотечного фонда ГБУК РА ""Национальная библиотека Республики Адыгея""","КОМИТЕТ РЕСПУБЛИКИ АДЫГЕЯ ПО РЕГУЛИРОВАНИЮ КОНТРАКТНОЙ СИСТЕМЫ В СФЕРЕ ЗАКУПОК","2100000.00","26.03.2026","03.04.2026","https://zakupki.gov.ru/epz/order/notice/ea20/view/common-info.html?regNumber=0176200005526000536"
"0851200000626001876","noise","no","3","найдено в карточке/документах ЕИС; класс=noise; совпадения: нет","","","","","классификация документов","custom","card; attached_file","44-ФЗ Открытый конкурс в электронной форме","Определение поставщика завершено","Оказание услуг по осуществлению независимого, выборочного контроля качества и объемов дорожно-строительных работ","ГОСУДАРСТВЕННОЕ КАЗЕННОЕ УЧРЕЖДЕНИЕ НОВОСИБИРСКОЙ ОБЛАСТИ ""УПРАВЛЕНИЕ КОНТРАКТНОЙ СИСТЕМЫ""","10000000.00","25.03.2026","10.04.2026","https://zakupki.gov.ru/epz/order/notice/ok20/view/common-info.html?regNumber=0851200000626001876"
"0360300052826000186","noise","no","3","найдено в карточке/документах ЕИС; класс=noise; совпадения: нет","","","","","интеллектуальный поиск документов | анализ документов искусственный интеллект | обработка документов искусственный интеллект","custom","card; attached_file","44-ФЗ Электронный аукцион","Определение поставщика завершено","поставка книжных изданий для комплектования книжного фонда МУ ""Городская централизованная библиотечная система""","АДМИНИСТРАЦИЯ БАЛАШОВСКОГО МУНИЦИПАЛЬНОГО РАЙОНА САРАТОВСКОЙ ОБЛАСТИ","1989931.27","24.03.2026","01.04.2026","https://zakupki.gov.ru/epz/order/notice/ea20/view/common-info.html?regNumber=0360300052826000186"
"0816500000626004739","noise","no","3","найдено в карточке/документах ЕИС; класс=noise; совпадения: нет","","","","","извлечение данных из документов | интеллектуальный поиск документов | анализ документов искусственный интеллект","custom","card; attached_file","44-ФЗ Электронный аукцион","Определение поставщика завершено","Поставка книжной продукции для комплектования книжного фонда МКУ ""Вилюйская МЦБС им. И.М. Гоголева-Кындыл""","ГОСУДАРСТВЕННОЕ КАЗЕННОЕ УЧРЕЖДЕНИЕ РЕСПУБЛИКИ САХА (ЯКУТИЯ) ""ЦЕНТР ЗАКУПОК РЕСПУБЛИКИ САХА (ЯКУТИЯ)""","1250000.00","23.03.2026","01.04.2026","https://zakupki.gov.ru/epz/order/notice/ea20/view/common-info.html?regNumber=0816500000626004739"
"0818500000826001721","noise","no","3","найдено в карточке/документах ЕИС; класс=noise; совпадения: нет","","","","","классификация документов | интеллектуальный поиск документов | анализ документов искусственный интеллект | обработка документов искусственный интеллект","custom","card; attached_file","44-ФЗ Запрос котировок в электронной форме","Определение поставщика завершено","Приобретение литературы для комплектования библиотечного фонда","ГОСУДАРСТВЕННОЕ КАЗЕННОЕ УЧРЕЖДЕНИЕ КРАСНОДАРСКОГО КРАЯ ""ДИРЕКЦИЯ ГОСУДАРСТВЕННЫХ ЗАКУПОК""","1325600.00","18.03.2026","26.03.2026","https://zakupki.gov.ru/epz/order/notice/zk20/view/common-info.html?regNumber=0818500000826001721"
"0176300006326000003","noise","no","3","найдено в карточке/документах ЕИС; класс=noise; совпадения: нет","","","","","классификация документов | интеллектуальный поиск документов","custom","card; attached_file","44-ФЗ Электронный аукцион","Определение поставщика завершено","Приобретение книг","АДМИНИСТРАЦИЯ МУНИЦИПАЛЬНОГО ОБРАЗОВАНИЯ ""ШОВГЕНОВСКИЙ РАЙОН РЕСПУБЛИКИ АДЫГЕЯ""","3000000.00","17.03.2026","25.03.2026","https://zakupki.gov.ru/epz/order/notice/ea20/view/common-info.html?regNumber=0176300006326000003"
"0358300320326000006","noise","no","3","найдено в карточке/документах ЕИС; класс=noise; совпадения: нет","","","","","интеллектуальный поиск документов | семантический поиск документов | анализ документов искусственный интеллект | обработка документов искусственный интеллект","custom","card; attached_file","44-ФЗ Электронный аукцион","Определение поставщика завершено","Комплектование книжных фондов библиотек","МУНИЦИПАЛЬНОЕ БЮДЖЕТНОЕ УЧРЕЖДЕНИЕ КУЛЬТУРЫ РОСТОВСКАЯ-НА-ДОНУ ГОРОДСКАЯ ЦЕНТРАЛИЗОВАННАЯ БИБЛИОТЕЧНАЯ СИСТЕМА","1680000.00","13.03.2026","23.03.2026","https://zakupki.gov.ru/epz/order/notice/ea20/view/common-info.html?regNumber=0358300320326000006"
"0835600001526000005","noise","no","3","найдено в карточке/документах ЕИС; класс=noise; совпадения: нет","","","","","распознавание документов","custom","card; attached_file","44-ФЗ Запрос котировок в электронной форме","Определение поставщика завершено","Оказание услуг по сопровождению локальной информационно-телекоммуникационной инфраструктуры автоматизированной парковочной системы и технической поддержке лицензионного программного обеспечения «Кейпарк»","МУНИЦИПАЛЬНОЕ КАЗЕННОЕ УЧРЕЖДЕНИЕ ""ГОРОДСКАЯ СЛУЖБА АВТОПАРКОВОК"" ГОРОДСКОГО ОКРУГА ""ГОРОД КАЛИНИНГРАД""","2000000.00","10.03.2026","17.03.2026","https://zakupki.gov.ru/epz/order/notice/zk20/view/common-info.html?regNumber=0835600001526000005"
"0744200000226001583","noise","no","3","найдено в карточке/документах ЕИС; класс=noise; совпадения: нет","","","","","интеллектуальный поиск документов | анализ документов искусственный интеллект | обработка документов искусственный интеллект","custom","card; attached_file","44-ФЗ Электронный аукцион","Определение поставщика завершено","Поставка книг для комплектования библиотечного фонда ОБУК ""Областная библиотека им. Н.Асеева""","ОБЛАСТНОЕ КАЗЕННОЕ УЧРЕЖДЕНИЕ ""ЦЕНТР ЗАКУПОК КУРСКОЙ ОБЛАСТИ""","1563659.00","06.03.2026","16.03.2026","https://zakupki.gov.ru/epz/order/notice/ea20/view/common-info.html?regNumber=0744200000226001583"
"0131200001026000770","noise","no","3","найдено в карточке/документах ЕИС; класс=noise; совпадения: нет","","","","","анализ документов искусственный интеллект","custom","card; attached_file","44-ФЗ Электронный аукцион","Определение поставщика завершено","2026-00966 = Поставка книжных изданий","МИНИСТЕРСТВО ПО РЕГУЛИРОВАНИЮ КОНТРАКТНОЙ СИСТЕМЫ В СФЕРЕ ЗАКУПОК ВОРОНЕЖСКОЙ ОБЛАСТИ","300000.00","06.03.2026","17.03.2026","https://zakupki.gov.ru/epz/order/notice/ea20/view/common-info.html?regNumber=0131200001026000770"
"0358200026726000002","noise","no","3","найдено в карточке/документах ЕИС; класс=noise; совпадения: нет","","","","","LLM документы | анализ документов искусственный интеллект","custom","card; attached_file","44-ФЗ Электронный аукцион","Определение поставщика завершено","Поставка книг для комплектования книжных фондов ГБУК РО «ДГПБ»","ГОСУДАРСТВЕННОЕ БЮДЖЕТНОЕ УЧРЕЖДЕНИЕ КУЛЬТУРЫ РОСТОВСКОЙ ОБЛАСТИ ""ДОНСКАЯ ГОСУДАРСТВЕННАЯ ПУБЛИЧНАЯ БИБЛИОТЕКА""","1580121.95","05.03.2026","13.03.2026","https://zakupki.gov.ru/epz/order/notice/ea20/view/common-info.html?regNumber=0358200026726000002"
"0373100084726000005","noise","no","3","найдено в карточке/документах ЕИС; класс=noise; совпадения: нет","","","","","распознавание документов | распознавание текста","custom","card; attached_file","44-ФЗ Электронный аукцион","Определение поставщика завершено","Оказание услуг предоставления доступа к облачной отказоустойчивой платформе для вычислений, хранения и обработки данных","ФЕДЕРАЛЬНОЕ ГОСУДАРСТВЕННОЕ БЮДЖЕТНОЕ УЧРЕЖДЕНИЕ ""ВСЕРОССИЙСКИЙ НАУЧНО-ИССЛЕДОВАТЕЛЬСКИЙ ИНСТИТУТ ТРУДА"" МИНИСТЕРСТВА ТРУДА И СОЦИАЛЬНОЙ ЗАЩИТЫ РОССИЙСКОЙ ФЕДЕРАЦИИ","16800000.00","03.03.2026","11.03.2026","https://zakupki.gov.ru/epz/order/notice/ea20/view/common-info.html?regNumber=0373100084726000005"
"1018300013926000003","noise","no","3","найдено в карточке/документах ЕИС; класс=noise; совпадения: нет","","","","","интеллектуальный поиск документов","custom","card; attached_file","44-ФЗ Электронный аукцион","Определение поставщика завершено","Поставка книг для создания модельной библиотеки; шифр регионального проекта Краснодарского края 35Я5013602082","МУНИЦИПАЛЬНОЕ АВТОНОМНОЕ УЧРЕЖДЕНИЕ КУЛЬТУРЫ ""СЛАВЯНСКАЯ МЕЖПОСЕЛЕНЧЕСКАЯ ЦЕНТРАЛЬНАЯ БИБЛИОТЕКА ИМЕНИ Н. Я. ДАНИЛЕВСКОГО"" МУНИЦИПАЛЬНОГО ОБРАЗОВАНИЯ СЛАВЯНСКИЙ РАЙОН","3117000.00","24.02.2026","04.03.2026","https://zakupki.gov.ru/epz/order/notice/ea20/view/common-info.html?regNumber=1018300013926000003"
"0380200000126000789","noise","no","3","найдено в карточке/документах ЕИС; класс=noise; совпадения: нет","","","","","интеллектуальный поиск документов","custom","card; attached_file","44-ФЗ Электронный аукцион","Определение поставщика завершено","Поставка книжной продукции","ГОСУДАРСТВЕННЫЙ КОМИТЕТ ПО РЕГУЛИРОВАНИЮ КОНТРАКТНОЙ СИСТЕМЫ В СФЕРЕ ЗАКУПОК РЕСПУБЛИКИ ХАКАСИЯ","502406.10","19.02.2026","27.02.2026","https://zakupki.gov.ru/epz/order/notice/ea20/view/common-info.html?regNumber=0380200000126000789"
"0875300010326000001","noise","no","3","найдено в карточке/документах ЕИС; класс=noise; совпадения: нет","","","","","анализ документов искусственный интеллект","custom","card; attached_file","44-ФЗ Электронный аукцион","Определение поставщика завершено","Поставка книжной продукции","МУНИЦИПАЛЬНОЕ КАЗЕННОЕ УЧРЕЖДЕНИЕ КУЛЬТУРЫ РАЙОННАЯ ЦЕНТРАЛИЗОВАННАЯ БИБЛИОТЕЧНАЯ СИСТЕМА АДМИНИСТРАЦИИ ДЖАНКОЙСКОГО РАЙОНА РЕСПУБЛИКИ КРЫМ","3360000.00","19.02.2026","27.02.2026","https://zakupki.gov.ru/epz/order/notice/ea20/view/common-info.html?regNumber=0875300010326000001"
"0350300024626000004","noise","no","3","найдено в карточке/документах ЕИС; класс=noise; совпадения: нет","","","","","анализ документов искусственный интеллект","custom","card; attached_file","44-ФЗ Электронный аукцион","Определение поставщика завершено","поставка книжной продукции для нужд Районной библиотеки МБУК ""Волотовская МЦБС"" для создания модельной муниципальной библиотеки в рамках реализации национального проекта ""Семья""","МУНИЦИПАЛЬНОЕ БЮДЖЕТНОЕ УЧРЕЖДЕНИЕ КУЛЬТУРЫ ""ВОЛОТОВСКАЯ МЕЖПОСЕЛЕНЧЕСКАЯ ЦЕНТРАЛИЗОВАННАЯ БИБЛИОТЕЧНАЯ СИСТЕМА""","1820000.00","19.02.2026","27.02.2026","https://zakupki.gov.ru/epz/order/notice/ea20/view/common-info.html?regNumber=0350300024626000004"
"0124200000626000619","noise","no","3","найдено в карточке/документах ЕИС; класс=noise; совпадения: нет","","","","","классификация документов","custom","card; attached_file","44-ФЗ Электронный аукцион","Определение поставщика завершено","Оказание услуг по передаче права использования электронной базы данных на условиях простой (неисключительной) лицензии, содержащей методические и справочные материалы, нормативно-правовые документы по основным направлениям деятельности главного бухгалтера, специалистов экономической службы государственного учреждения для принятия квалифицированных решений по тематике учета, отчетности, бюджетного контроля, применения бюджетной классификации","КОНТРАКТНОЕ АГЕНТСТВО АРХАНГЕЛЬСКОЙ ОБЛАСТИ","66038.00","17.02.2026","26.02.2026","https://zakupki.gov.ru/epz/order/notice/ea20/view/common-info.html?regNumber=0124200000626000619"
"0834600007926000019","noise","no","3","найдено в карточке/документах ЕИС; класс=noise; совпадения: нет","","","","","интеллектуальный поиск документов","custom","card; attached_file","44-ФЗ Электронный аукцион","Определение поставщика завершено","Поставка книжных печатных изданий в целях создания модельной муниципальной библиотеки «Берегиня»","МУНИЦИПАЛЬНОЕ КАЗЕННОЕ УЧРЕЖДЕНИЕ ""СЛУЖБА ЗАКУПОК МУНИЦИПАЛЬНОГО ОБРАЗОВАНИЯ ""ГОРОД САЯНСК""","1081799.00","13.02.2026","24.02.2026","https://zakupki.gov.ru/epz/order/notice/ea20/view/common-info.html?regNumber=0834600007926000019"
"0358300242526000001","noise","no","3","найдено в карточке/документах ЕИС; класс=noise; совпадения: нет","","","","","анализ документов искусственный интеллект","custom","card; attached_file","44-ФЗ Электронный аукцион","Определение поставщика завершено","Книги, брошюры, листовки печатные прочие и подобные печатные материалы","МУНИЦИПАЛЬНОЕ БЮДЖЕТНОЕ УЧРЕЖДЕНИЕ КУЛЬТУРЫ ""НОВОЧЕРКАССКАЯ ЦЕНТРАЛИЗОВАННАЯ БИБЛИОТЕЧНАЯ СИСТЕМА""","637223.11","12.02.2026","20.02.2026","https://zakupki.gov.ru/epz/order/notice/ea20/view/common-info.html?regNumber=0358300242526000001"
"0131300047526000005","noise","no","3","найдено в карточке/документах ЕИС; класс=noise; совпадения: нет","","","","","интеллектуальный поиск документов","custom","card; attached_file","44-ФЗ Электронный аукцион","Определение поставщика завершено","Поставка книжной продукции для комплектования книжного фонда библиотеки","АДМИНИСТРАЦИЯ КАНТЕМИРОВСКОГО МУНИЦИПАЛЬНОГО РАЙОНА ВОРОНЕЖСКОЙ ОБЛАСТИ","2382135.65","11.02.2026","19.02.2026","https://zakupki.gov.ru/epz/order/notice/ea20/view/common-info.html?regNumber=0131300047526000005"
"0126600015026000023","noise","no","3","найдено в карточке/документах ЕИС; класс=noise; совпадения: нет","","","","","анализ документов искусственный интеллект","custom","card; attached_file","44-ФЗ Электронный аукцион","Определение поставщика завершено","Поставка книжных изданий","АДМИНИСТРАЦИЯ БЕЛГОРОДСКОГО МУНИЦИПАЛЬНОГО ОКРУГА БЕЛГОРОДСКОЙ ОБЛАСТИ","487500.00","11.02.2026","19.02.2026","https://zakupki.gov.ru/epz/order/notice/ea20/view/common-info.html?regNumber=0126600015026000023"
"0361300053226000001","noise","no","3","найдено в карточке/документах ЕИС; класс=noise; совпадения: нет","","","","","обработка документов искусственный интеллект","custom","card; attached_file","44-ФЗ Электронный аукцион","Определение поставщика завершено","Поставка печатной продукции","МУНИЦИПАЛЬНОЕ БЮДЖЕТНОЕ УЧРЕЖДЕНИЕ КУЛЬТУРЫ ""ТЫМОВСКАЯ ЦЕНТРАЛИЗОВАННАЯ БИБЛИОТЕЧНАЯ СИСТЕМА""","1407528.00","11.02.2026","24.02.2026","https://zakupki.gov.ru/epz/order/notice/ea20/view/common-info.html?regNumber=0361300053226000001"
"0373100040126000021","noise","no","3","найдено в карточке/документах ЕИС; класс=noise; совпадения: нет","","","","","анализ документов искусственный интеллект","custom","card; attached_file","44-ФЗ Запрос котировок в электронной форме","Определение поставщика завершено","Закупка печатных изданий для Научной библиотеки МГУ имени М.В. Ломоносова(ИД 85021))","ФЕДЕРАЛЬНОЕ ГОСУДАРСТВЕННОЕ БЮДЖЕТНОЕ ОБРАЗОВАТЕЛЬНОЕ УЧРЕЖДЕНИЕ ВЫСШЕГО ОБРАЗОВАНИЯ ""МОСКОВСКИЙ ГОСУДАРСТВЕННЫЙ УНИВЕРСИТЕТ ИМЕНИ М.В.ЛОМОНОСОВА""","1058982.64","09.02.2026","17.02.2026","https://zakupki.gov.ru/epz/order/notice/zk20/view/common-info.html?regNumber=0373100040126000021"
"0169300000326000061","noise","no","3","найдено в карточке/документах ЕИС; класс=noise; совпадения: нет","","","","","классификация документов","custom","card; attached_file","44-ФЗ Электронный аукцион","Определение поставщика завершено","Услуги по предоставлению права использования программного обеспечения - электронной базы данных, содержащей методические и справочные материалы, нормативно-правовые документы по основным направлениям деятельности главного бухгалтера и финансового специалиста государственного и муниципального учреждения для принятия квалифицированных решений по тематике учета, отчетности, бюджетного контроля, применения бюджетной классификации","АДМИНИСТРАЦИЯ ГОРОДА МАГНИТОГОРСКА","66140.00","06.02.2026","18.02.2026","https://zakupki.gov.ru/epz/order/notice/ea20/view/common-info.html?regNumber=0169300000326000061"
"0121200003926000003","noise","no","3","найдено в карточке/документах ЕИС; класс=noise; совпадения: нет","","","","","классификация документов","custom","card; attached_file","44-ФЗ Электронный аукцион","Определение поставщика завершено","Оказание услуг по продлению и передаче права использования электронной базы данных на условиях простой (неисключительной) лицензии, содержащей методические и справочные материалы, нормативно-правовые документы по основным направлениям деятельности главного бухгалтера и финансового специалиста для принятия квалифицированных решений по тематике учета, отчетности, бюджетного контроля, применения бюджетной классификации для обеспечения государственных нужд Ставропольского края.","КОНТРОЛЬНО-СЧЕТНАЯ ПАЛАТА СТАВРОПОЛЬСКОГО КРАЯ","94091.58","03.02.2026","11.02.2026","https://zakupki.gov.ru/epz/order/notice/ea20/view/common-info.html?regNumber=0121200003926000003"
"0891200000626000294","noise","no","3","найдено в карточке/документах ЕИС; класс=noise; совпадения: нет","","","","","классификация документов","custom","card; attached_file","44-ФЗ Запрос котировок в электронной форме","Определение поставщика завершено","Поставка оборудования для тренинга, испытания и оценки когнитивных (познавательных) навыков (00000368-ЗК)","ГОСУДАРСТВЕННОЕ КАЗЕННОЕ УЧРЕЖДЕНИЕ ""ЗАБАЙКАЛЬСКИЙ ЦЕНТР ГОСУДАРСТВЕННЫХ ЗАКУПОК""","909360.00","30.01.2026","06.02.2026","https://zakupki.gov.ru/epz/order/notice/zk20/view/common-info.html?regNumber=0891200000626000294"
"0373100078726000040","noise","no","3","найдено в карточке/документах ЕИС; класс=noise; совпадения: нет","","","","","извлечение данных из документов","custom","card; attached_file","44-ФЗ Электронный аукцион","Определение поставщика завершено","Оказание услуг по обслуживанию и ремонту копировально-множительного оборудования, принтеров и сканеров","ФЕДЕРАЛЬНОЕ ГОСУДАРСТВЕННОЕ БЮДЖЕТНОЕ НАУЧНОЕ УЧРЕЖДЕНИЕ ""РОССИЙСКИЙ ЦЕНТР НЕВРОЛОГИИ И НЕЙРОНАУК""","1500000.00","27.01.2026","04.02.2026","https://zakupki.gov.ru/epz/order/notice/ea20/view/common-info.html?regNumber=0373100078726000040"
"0148200005425001025","noise","no","3","найдено в карточке/документах ЕИС; класс=noise; совпадения: нет","","","","","распознавание текста","custom","card; attached_file","44-ФЗ Открытый конкурс в электронной форме","Определение поставщика завершено","Выполнение работ по развитию (модернизации) и оказание услуг по техническому сопровождению Государственной информационной системы Московской области «Терминал» (система учета и анализа данных в СМИ и социальных медиа)","КОМИТЕТ ПО КОНКУРЕНТНОЙ ПОЛИТИКЕ МОСКОВСКОЙ ОБЛАСТИ","155699999.31","30.12.2025","27.01.2026","https://zakupki.gov.ru/epz/order/notice/ok20/view/common-info.html?regNumber=0148200005425001025"
"0111100008425000110","noise","no","3","найдено в карточке/документах ЕИС; класс=noise; совпадения: нет","","","","","извлечение данных из документов","custom","card; attached_file","44-ФЗ Электронный аукцион","Определение поставщика завершено","Ремонт программно-технических средств, восстановление ресурсных характеристик печатающих устройств для нужд районных (городских) судов Республики Татарстан","УПРАВЛЕНИЕ СУДЕБНОГО ДЕПАРТАМЕНТА В РЕСПУБЛИКЕ ТАТАРСТАН","7367000.00","30.12.2025","16.01.2026","https://zakupki.gov.ru/epz/order/notice/ea20/view/common-info.html?regNumber=0111100008425000110"
"0368300026725000129","noise","no","3","найдено в карточке/документах ЕИС; класс=noise; совпадения: нет","","","","","классификация документов","custom","card; attached_file","44-ФЗ Электронный аукцион","Определение поставщика завершено","Печатная продукция","ГОСУДАРСТВЕННОЕ УЧРЕЖДЕНИЕ ЗДРАВООХРАНЕНИЯ ""ГОРОДСКАЯ КЛИНИЧЕСКАЯ БОЛЬНИЦА СВЯТОГО АПОСТОЛА АНДРЕЯ ПЕРВОЗВАННОГО""","566513.52","29.12.2025","22.01.2026","https://zakupki.gov.ru/epz/order/notice/ea20/view/common-info.html?regNumber=0368300026725000129"
"0372100010925000069","noise","no","3","найдено в карточке/документах ЕИС; класс=noise; совпадения: нет","","","","","распознавание документов","custom","card; attached_file","44-ФЗ Запрос котировок в электронной форме","Определение поставщика завершено","Выполнение работ по техническому обслуживанию и текущему ремонту комплексной системы безопасности в служебно-производственных зданиях и на прилегающей территории к зданиям таможенной инфраструктуры Балтийской таможни","БАЛТИЙСКАЯ ТАМОЖНЯ","1100001.00","26.12.2025","14.01.2026","https://zakupki.gov.ru/epz/order/notice/zk20/view/common-info.html?regNumber=0372100010925000069"
"0318100028525000226","noise","no","3","найдено в карточке/документах ЕИС; класс=noise; совпадения: нет","","","","","распознавание документов","custom","card; attached_file","44-ФЗ Электронный аукцион","Определение поставщика завершено","Оказание услуг по техническому обслуживанию и ремонту систем охранного видеонаблюдения, охранной сигнализации, контроля и управления доступом (СКУД) и арочных металлодетекторов","ФЕДЕРАЛЬНОЕ ГОСУДАРСТВЕННОЕ БЮДЖЕТНОЕ ОБРАЗОВАТЕЛЬНОЕ УЧРЕЖДЕНИЕ ""ВСЕРОССИЙСКИЙ ДЕТСКИЙ ЦЕНТР ""СМЕНА""","1500000.00","25.12.2025","14.01.2026","https://zakupki.gov.ru/epz/order/notice/ea20/view/common-info.html?regNumber=0318100028525000226"
"0318100028525000219","noise","no","3","найдено в карточке/документах ЕИС; класс=noise; совпадения: нет","","","","","распознавание документов","custom","card; attached_file","44-ФЗ Электронный аукцион","Определение поставщика завершено","Оказание услуг по техническому обслуживанию и ремонту систем охранной сигнализации, контроля и управления доступом (СКУД) и арочных металлодетекторов","ФЕДЕРАЛЬНОЕ ГОСУДАРСТВЕННОЕ БЮДЖЕТНОЕ ОБРАЗОВАТЕЛЬНОЕ УЧРЕЖДЕНИЕ ""ВСЕРОССИЙСКИЙ ДЕТСКИЙ ЦЕНТР ""СМЕНА""","2200000.00","22.12.2025","30.12.2025","https://zakupki.gov.ru/epz/order/notice/ea20/view/common-info.html?regNumber=0318100028525000219"
"0132600015225000176","noise","no","3","найдено в карточке/документах ЕИС; класс=noise; совпадения: нет","","","","","классификация документов","custom","card; attached_file","44-ФЗ Электронный аукцион","Определение поставщика завершено","Продление неисключительного права использования электронных баз данных на условиях простой (неисключительной) лицензии, содержащих методические и справочные материалы, нормативно-правовые документы по основным направлениям деятельности главного бухгалтера и финансового специалиста государственного и муниципального учреждения для принятия квалифицированных решений по тематике учета, отчетности, бюджетного контроля, применения бюджетной классификации и специалиста по закупкам или поставщика для принятия квалифицированных решений по тематике планирования, нацрежима, отчетности, проверок, 44-ФЗ и 223-ФЗ, 275-ФЗ","АДМИНИСТРАЦИЯ ДАЛЬНЕКОНСТАНТИНОВСКОГО МУНИЦИПАЛЬНОГО ОКРУГА НИЖЕГОРОДСКОЙ ОБЛАСТИ","73000.00","17.12.2025","25.12.2025","https://zakupki.gov.ru/epz/order/notice/ea20/view/common-info.html?regNumber=0132600015225000176"
"0318300169225000332","noise","no","3","найдено в карточке/документах ЕИС; класс=noise; совпадения: нет","","","","","классификация документов","custom","card; attached_file","44-ФЗ Запрос котировок в электронной форме","Определение поставщика завершено","Предоставление простой неисключительной лицензии на использование Базы данных","ГОСУДАРСТВЕННОЕ БЮДЖЕТНОЕ УЧРЕЖДЕНИЕ ЗДРАВООХРАНЕНИЯ ""ПРИМОРСКО-АХТАРСКАЯ ЦЕНТРАЛЬНАЯ РАЙОННАЯ БОЛЬНИЦА ИМЕНИ КРАВЧЕНКО Н.Г."" МИНИСТЕРСТВА ЗДРАВООХРАНЕНИЯ КРАСНОДАРСКОГО КРАЯ","202644.67","15.12.2025","23.12.2025","https://zakupki.gov.ru/epz/order/notice/zk20/view/common-info.html?regNumber=0318300169225000332"
"32515527602","noise","no","3","найдено в карточке ЕИС; класс=noise; совпадения: внедрение","","","внедрение","","распознавание документов","custom","card","223-ФЗ Запрос котировок в электронной форме, участниками которого могут быть только субъекты малого и среднего предпринимательства","Закупка завершена","Поставка и внедрение в ООО «Севэнергосбыт» единой информационной системы ведения управленческого, бухгалтерского и налогового учета, зарплаты и управления персоналом - «1С: Комплексная автоматизация 2.5» с «1С: Зарплата и управление персоналом 8 ПРОФ», «1С: Распознавание первичных документов», базы под управлением PostgreeSQL","ОБЩЕСТВО С ОГРАНИЧЕННОЙ ОТВЕТСТВЕННОСТЬЮ ""СЕВЭНЕРГОСБЫТ""","6463733.73","12.12.2025","19.12.2025","https://zakupki.gov.ru/223/purchase/public/purchase/info/common-info.html?regNumber=32515527602"
"0372200111425000011","noise","no","3","найдено в карточке/документах ЕИС; класс=noise; совпадения: нет","","","","","извлечение данных из документов | анализ документов искусственный интеллект","custom","card; attached_file","44-ФЗ Электронный аукцион","Определение поставщика завершено","Приобретение комплекта книжных изданий для пополнения фонда СПб ГБУ «ЦБС Выборгского района» в 2026 г.","САНКТ-ПЕТЕРБУРГСКОЕ ГОСУДАРСТВЕННОЕ БЮДЖЕТНОЕ УЧРЕЖДЕНИЕ ""ЦЕНТРАЛИЗОВАННАЯ БИБЛИОТЕЧНАЯ СИСТЕМА ВЫБОРГСКОГО РАЙОНА""","1882918.00","12.12.2025","22.12.2025","https://zakupki.gov.ru/epz/order/notice/ea20/view/common-info.html?regNumber=0372200111425000011"
"0373100016225000054","noise","no","3","найдено в карточке/документах ЕИС; класс=noise; совпадения: нет","","","","","распознавание документов | распознавание текста","custom","card; attached_file","44-ФЗ Запрос котировок в электронной форме","Определение поставщика завершено","оказание услуг предоставления доступа к Облачной платформе, технической поддержки облачной платформы и системного ландшафта Заказчика, а также на услуги миграции","ФЕДЕРАЛЬНОЕ ГОСУДАРСТВЕННОЕ БЮДЖЕТНОЕ НАУЧНОЕ УЧРЕЖДЕНИЕ ""ИНСТИТУТ СОДЕРЖАНИЯ И МЕТОДОВ ОБУЧЕНИЯ ИМЕНИ В.С. ЛЕДНЕВА""","1500000.00","09.12.2025","16.12.2025","https://zakupki.gov.ru/epz/order/notice/zk20/view/common-info.html?regNumber=0373100016225000054"
"0373100032025000144","noise","no","3","найдено в карточке/документах ЕИС; класс=noise; совпадения: нет","","","","","классификация документов","custom","card; attached_file","44-ФЗ Открытый конкурс в электронной форме","Определение поставщика завершено","Услуги по адаптации, обновлению, сопровождению и технической поддержке комплекса программных продуктов (ПП) для ведения бухгалтерского учета, расчета заработной платы, ведения кадрового учета, формирования сводной отчетности и осуществлению внутреннего контроля (К-9)","ФЕДЕРАЛЬНОЕ ГОСУДАРСТВЕННОЕ БЮДЖЕТНОЕ ОБРАЗОВАТЕЛЬНОЕ УЧРЕЖДЕНИЕ ДОПОЛНИТЕЛЬНОГО ПРОФЕССИОНАЛЬНОГО ОБРАЗОВАНИЯ ""РОССИЙСКАЯ МЕДИЦИНСКАЯ АКАДЕМИЯ НЕПРЕРЫВНОГО ПРОФЕССИОНАЛЬНОГО ОБРАЗОВАНИЯ"" МИНИСТЕРСТВА ЗДРАВООХРАНЕНИЯ РОССИЙСКОЙ ФЕДЕРАЦИИ","5832000.12","09.12.2025","25.12.2025","https://zakupki.gov.ru/epz/order/notice/ok20/view/common-info.html?regNumber=0373100032025000144"
"0356100008425000005","noise","no","3","найдено в карточке/документах ЕИС; класс=noise; совпадения: нет","","","","","классификация документов","custom","card; attached_file","44-ФЗ Запрос котировок в электронной форме","Определение поставщика завершено","Оказание услуг по передаче права использования электронной базы данных на условиях простой (неисключительной) лицензии для бюджетных учреждений","ФЕДЕРАЛЬНОЕ ГОСУДАРСТВЕННОЕ БЮДЖЕТНОЕ УЧРЕЖДЕНИЕ ЗДРАВООХРАНЕНИЯ ""ЦЕНТР ГИГИЕНЫ И ЭПИДЕМИОЛОГИИ № 133 ФЕДЕРАЛЬНОГО МЕДИКО-БИОЛОГИЧЕСКОГО АГЕНТСТВА""","205775.33","09.12.2025","16.12.2025","https://zakupki.gov.ru/epz/order/notice/zk20/view/common-info.html?regNumber=0356100008425000005"
"0373100028825000047","noise","no","3","найдено в карточке/документах ЕИС; класс=noise; совпадения: нет","","","","","распознавание документов | распознавание текста","custom","card; attached_file","44-ФЗ Электронный аукцион","Определение поставщика завершено","Оказание услуг по размещению и депозитарному хранению, обработке бумажного архива и, в случае необходимости, ретроконверсии и размещению электронных копий документов в электронном архиве РЦНИ","ФЕДЕРАЛЬНОЕ ГОСУДАРСТВЕННОЕ БЮДЖЕТНОЕ УЧРЕЖДЕНИЕ ""РОССИЙСКИЙ ЦЕНТР НАУЧНОЙ ИНФОРМАЦИИ""","3500000.00","08.12.2025","17.12.2025","https://zakupki.gov.ru/epz/order/notice/ea20/view/common-info.html?regNumber=0373100028825000047"
"0373100100325000009","noise","no","3","найдено в карточке/документах ЕИС; класс=noise; совпадения: нет","","","","","интеллектуальный поиск документов","custom","card; attached_file","44-ФЗ Электронный аукцион","Определение поставщика завершено","Оказание услуг по подписке на периодические печатные издания на 2026 год","ФЕДЕРАЛЬНОЕ ГОСУДАРСТВЕННОЕ БЮДЖЕТНОЕ УЧРЕЖДЕНИЕ ""ГОСУДАРСТВЕННАЯ ПУБЛИЧНАЯ НАУЧНО-ТЕХНИЧЕСКАЯ БИБЛИОТЕКА РОССИИ""","982055.95","04.12.2025","12.12.2025","https://zakupki.gov.ru/epz/order/notice/ea20/view/common-info.html?regNumber=0373100100325000009"
"0372200073125000076","noise","no","3","найдено в карточке/документах ЕИС; класс=noise; совпадения: нет","","","","","интеллектуальный поиск документов","custom","card; attached_file","44-ФЗ Электронный аукцион","Определение поставщика завершено","Поставка книжной продукции для фондов библиотек СПб ГБУК «ЦБС Красногвардейского района»","САНКТ-ПЕТЕРБУРГСКОЕ ГОСУДАРСТВЕННОЕ БЮДЖЕТНОЕ УЧРЕЖДЕНИЕ КУЛЬТУРЫ ""ЦЕНТРАЛИЗОВАННАЯ БИБЛИОТЕЧНАЯ СИСТЕМА КРАСНОГВАРДЕЙСКОГО РАЙОНА""","2999998.33","04.12.2025","12.12.2025","https://zakupki.gov.ru/epz/order/notice/ea20/view/common-info.html?regNumber=0372200073125000076"
"0173100011225000031","noise","no","3","найдено в карточке/документах ЕИС; класс=noise; совпадения: нет","","","","","классификация документов","custom","card; attached_file","44-ФЗ Открытый конкурс в электронной форме","Определение поставщика завершено","Оказание услуг по сопровождению подсистем и компонентов Единой информационной системы Росфинмониторинга","ФЕДЕРАЛЬНАЯ СЛУЖБА ПО ФИНАНСОВОМУ МОНИТОРИНГУ","520800000.00","03.12.2025","17.12.2025","https://zakupki.gov.ru/epz/order/notice/ok20/view/common-info.html?regNumber=0173100011225000031"
"0373100014425000224","noise","no","3","найдено в карточке/документах ЕИС; класс=noise; совпадения: нет","","","","","распознавание текста","custom","card; attached_file","44-ФЗ Запрос котировок в электронной форме","Определение поставщика завершено","Оказание услуг по комплексному техническому обслуживанию вычислительной техники в 2026 году","ГОСУДАРСТВЕННОЕ КАЗЕННОЕ УЧРЕЖДЕНИЕ ""ЦЕНТРАЛЬНАЯ ПОЛИКЛИНИКА ФТС РОССИИ""","3976800.00","02.12.2025","09.12.2025","https://zakupki.gov.ru/epz/order/notice/zk20/view/common-info.html?regNumber=0373100014425000224"
"0318300552925001006","noise","no","3","найдено в карточке/документах ЕИС; класс=noise; совпадения: нет","","","","","классификация документов","custom","card; attached_file","44-ФЗ Электронный аукцион","Определение поставщика завершено","Оказание услуг по техническому сопровождению программных продуктов «АС «Бюджет», АС «УРМ», ПО «Сервер обмена данными», а также дополнительных программных модулей и функциональных возможностей к этим программным продуктам","УПРАВЛЕНИЕ ПО ЗАКУПКАМ ДЛЯ МУНИЦИПАЛЬНЫХ НУЖД АДМИНИСТРАЦИИ МУНИЦИПАЛЬНОГО ОБРАЗОВАНИЯ ГОРОДСКОЙ ОКРУГ ГОРОД АРМАВИР КРАСНОДАРСКОГО КРАЯ","2479188.00","02.12.2025","11.12.2025","https://zakupki.gov.ru/epz/order/notice/ea20/view/common-info.html?regNumber=0318300552925001006"
"1081500000125000073","noise","no","3","найдено в карточке/документах ЕИС; класс=noise; совпадения: нет","","","","","распознавание документов | распознавание текста | интеллектуальный поиск документов","custom","card; attached_file","44-ФЗ Запрос котировок в электронной форме","Определение поставщика отменено","Поставка книг","МУНИЦИПАЛЬНОЕ АВТОНОМНОЕ УЧРЕЖДЕНИЕ ""ХУДОЖЕСТВЕННО-ИСТОРИЧЕСКИЙ ЦЕНТР ""СИРИУС""","2556068.97","01.12.2025","08.12.2025","https://zakupki.gov.ru/epz/order/notice/zk20/view/common-info.html?regNumber=1081500000125000073"
"0260100000426000023","noise","no","1","найдено в карточке ЕИС; класс=noise; совпадения: лицензия","","","лицензия","","классификация документов","custom","card","44-ФЗ Запрос котировок в электронной форме","Определение поставщика завершено","Предоставление неисключительного права использования электронной Базы данных (простая неисключительная лицензия), содержащей методические и справочные материалы, нормативно-правовые документы по основным направлениям деятельности главного бухгалтера и финансового специалиста государственного и муниципального учреждения для принятия квалифицированных решений по тематике учета, отчетности, бюджетного контроля, применения бюджетной классификации.","ТЕРРИТОРИАЛЬНЫЙ ФОНД ОБЯЗАТЕЛЬНОГО МЕДИЦИНСКОГО СТРАХОВАНИЯ САРАТОВСКОЙ ОБЛАСТИ","114975.00","15.05.2026","22.05.2026","https://zakupki.gov.ru/epz/order/notice/zk20/view/common-info.html?regNumber=0260100000426000023"
"32615966027","noise","no","1","найдено в карточке ЕИС; класс=noise; совпадения: право использования","","","право использования","","классификация документов","custom","card","223-ФЗ Иной способ","Закупка завершена","Право заключения договора на электронную систему «Госфинансы» версия ПЛЮС, содержащей методические и справочные материалы, нормативно-правовые документы по основным направлениям деятельности главного бухгалтера и финансового специалиста государственного и муниципального учреждения для принятия квалифицированных решений по тематике учета, отчетности, бюджетного контроля, применения бюджетной классификации, на которую предоставляется право использования на условиях простой (неисключительной) лицензии для ФГБОУ ВО Казанский ГМУ Минздрава России","ФЕДЕРАЛЬНОЕ ГОСУДАРСТВЕННОЕ БЮДЖЕТНОЕ ОБРАЗОВАТЕЛЬНОЕ УЧРЕЖДЕНИЕ ВЫСШЕГО ОБРАЗОВАНИЯ ""КАЗАНСКИЙ ГОСУДАРСТВЕННЫЙ МЕДИЦИНСКИЙ УНИВЕРСИТЕТ"" МИНИСТЕРСТВА ЗДРАВООХРАНЕНИЯ РОССИЙСКОЙ ФЕДЕРАЦИИ","233346.48","29.04.2026","08.05.2026","https://zakupki.gov.ru/223/purchase/public/purchase/info/common-info.html?regNumber=32615966027"
"0318300300226000023","noise","no","1","найдено в карточке ЕИС; класс=noise; совпадения: лицензия","","","лицензия","","классификация документов","custom","card","44-ФЗ Запрос котировок в электронной форме","Определение поставщика завершено","Предоставление неисключительного права использования электронной Базы данных (простая неисключительная лицензия)","ГОСУДАРСТВЕННОЕ БЮДЖЕТНОЕ УЧРЕЖДЕНИЕ ЗДРАВООХРАНЕНИЯ ""ГОРОДСКАЯ ПОЛИКЛИНИКА № 6 ГОРОДА НОВОРОССИЙСКА"" МИНИСТЕРСТВА ЗДРАВООХРАНЕНИЯ КРАСНОДАРСКОГО КРАЯ","524878.41","03.04.2026","10.04.2026","https://zakupki.gov.ru/epz/order/notice/zk20/view/common-info.html?regNumber=0318300300226000023"
"32615809551","noise","no","1","найдено в карточке ЕИС; класс=noise; совпадения: лицензия","","","лицензия","","классификация документов","custom","card","223-ФЗ Иной способ","Закупка завершена","Предоставление неисключительного права использования электронной Базы данных (простая неисключительная лицензия), содержащей методические и справочные материалы, нормативно-правовые документы по основным направлениям деятельности главного бухгалтера и финансового специалиста государственного и муниципального учреждения для принятия квалифицированных решений по тематике учета, отчетности, бюджетного контроля, применения бюджетной классификации","ГОСУДАРСТВЕННОЕ ПРОФЕССИОНАЛЬНОЕ ОБРАЗОВАТЕЛЬНОЕ АВТОНОМНОЕ УЧРЕЖДЕНИЕ АМУРСКОЙ ОБЛАСТИ ""АМУРСКИЙ МНОГОФУНКЦИОНАЛЬНЫЙ ЦЕНТР ПРОФЕССИОНАЛЬНЫХ КВАЛИФИКАЦИЙ""","108989.00","18.03.2026","20.03.2026","https://zakupki.gov.ru/223/purchase/public/purchase/info/common-info.html?regNumber=32615809551"
"32615746410","noise","no","1","найдено в карточке ЕИС; класс=noise; совпадения: лицензия","","","лицензия","","классификация документов","custom","card","223-ФЗ Иной способ","Закупка завершена","Передача неисключительного права использования электронной Базы данных Электронной Системы «Госфинансы» (простая неисключительная лицензия), содержащей методические и справочные материалы, нормативно-правовые документы по основным направлениям деятельности главного бухгалтера и финансового специалиста государственного и муниципального учреждения для принятия квалифицированных решений по тематике учета, отчетности, бюджетного контроля, применения бюджетной классификации","ГОСУДАРСТВЕННОЕ АВТОНОМНОЕ УЧРЕЖДЕНИЕ НОВОСИБИРСКОЙ ОБЛАСТИ ""МИХАЙЛОВСКИЙ ЛЕСХОЗ""","56466.67","26.02.2026","26.02.2026","https://zakupki.gov.ru/223/purchase/public/purchase/info/common-info.html?regNumber=32615746410"
"32515492896","noise","no","1","найдено в карточке ЕИС; класс=noise; совпадения: лицензия","","","лицензия","","классификация документов","custom","card","223-ФЗ Иной способ","Закупка завершена","Оказание услуг по предоставлению неисключительного права использования электронной Базы данных (простая неисключительная лицензия), содержащей методические и справочные материалы, нормативно-правовые документы по основным направлениям деятельности главного бухгалтера и финансового специалиста государственного и муниципального учреждения для принятия квалифицированных решений по тематике учета, отчетности, бюджетного контроля, применения бюджетной классификации","МУНИЦИПАЛЬНОЕ АВТОНОМНОЕ ДОШКОЛЬНОЕ ОБРАЗОВАТЕЛЬНОЕ УЧРЕЖДЕНИЕ ТЮМЕНСКОГО МУНИЦИПАЛЬНОГО РАЙОНА БОРОВСКИЙ ДЕТСКИЙ САД ""ЖУРАВУШКА"" ОБЩЕРАЗВИВАЮЩЕГО ВИДА С ПРИОРИТЕТНЫМ ОСУЩЕСТВЛЕНИЕМ ДЕЯТЕЛЬНОСТИ ПО ПОЗНАВАТЕЛЬНО-РЕЧЕВОМУ НАПРАВЛЕНИЮ РАЗВИТИЯ ДЕТЕЙ","167660.00","05.12.2025","15.12.2025","https://zakupki.gov.ru/223/purchase/public/purchase/info/common-info.html?regNumber=32515492896"
"0111100008426000039","noise","no","0","найдено в карточке ЕИС; класс=noise; совпадения: нет","","","","","извлечение данных из документов","custom","card","44-ФЗ Электронный аукцион","Подача заявок","Ремонт программно-технических средств, восстановление ресурсных характеристик печатающих устройств для нужд районных (городских) судов Республики Татарстан","УПРАВЛЕНИЕ СУДЕБНОГО ДЕПАРТАМЕНТА В РЕСПУБЛИКЕ ТАТАРСТАН","6807179.94","22.05.2026","01.06.2026","https://zakupki.gov.ru/epz/order/notice/ea20/view/common-info.html?regNumber=0111100008426000039"
"0318300039826000147","noise","no","0","найдено в карточке ЕИС; класс=noise; совпадения: нет","","","","","классификация документов","custom","card","44-ФЗ Электронный аукцион","Работа комиссии","Передача неисключительных прав баз данных.","ГОСУДАРСТВЕННОЕ БЮДЖЕТНОЕ УЧРЕЖДЕНИЕ ЗДРАВООХРАНЕНИЯ ""ТБИЛИССКАЯ ЦЕНТРАЛЬНАЯ РАЙОННАЯ БОЛЬНИЦА"" МИНИСТЕРСТВА ЗДРАВООХРАНЕНИЯ КРАСНОДАРСКОГО КРАЯ","552070.67","19.05.2026","27.05.2026","https://zakupki.gov.ru/epz/order/notice/ea20/view/common-info.html?regNumber=0318300039826000147"
"0101200009726000006","noise","no","0","найдено в карточке ЕИС; класс=noise; совпадения: нет","","","","","классификация документов","custom","card","44-ФЗ Запрос котировок в электронной форме","Определение поставщика завершено","Оказание услуг по выполнению комплекса мероприятий по аттестации автоматизированных систем на соответствие требованиям по безопасности информации","УПРАВЛЕНИЕ ДЕЛАМИ ГЛАВЫ РЕСПУБЛИКИ БАШКОРТОСТАН","378000.02","08.05.2026","18.05.2026","https://zakupki.gov.ru/epz/order/notice/zk20/view/common-info.html?regNumber=0101200009726000006"
"0329200062226001184","noise","no","0","найдено в карточке ЕИС; класс=noise; совпадения: нет","","","","","классификация документов | автоматическая классификация документов","custom","card","44-ФЗ Запрос котировок в электронной форме","Определение поставщика завершено","Оказание услуг по защите информации","ГОСУДАРСТВЕННОЕ КАЗЕННОЕ УЧРЕЖДЕНИЕ ВОЛГОГРАДСКОЙ ОБЛАСТИ ""ЦЕНТР ОРГАНИЗАЦИИ ЗАКУПОК""","1737321.55","30.04.2026","08.05.2026","https://zakupki.gov.ru/epz/order/notice/zk20/view/common-info.html?regNumber=0329200062226001184"
"0372200180326000006","noise","no","0","найдено в карточке ЕИС; класс=noise; совпадения: нет","","","","","распознавание документов | распознавание текста","custom","card","44-ФЗ Электронный аукцион","Определение поставщика завершено","Поставка неисключительных прав на использование программного обеспечения для работы с PDF-документами и распознавания текста ContentReader PDF 16 Business 11-25 Concurrent для нужд СПб ГБУК «Музей-институт семьи Рерихов","САНКТ-ПЕТЕРБУРГСКОЕ ГОСУДАРСТВЕННОЕ БЮДЖЕТНОЕ УЧРЕЖДЕНИЕ КУЛЬТУРЫ ""МУЗЕЙ-ИНСТИТУТ СЕМЬИ РЕРИХОВ""","217030.00","27.04.2026","05.05.2026","https://zakupki.gov.ru/epz/order/notice/ea20/view/common-info.html?regNumber=0372200180326000006"
"0128200000126002229","noise","no","0","найдено в карточке ЕИС; класс=noise; совпадения: нет","","","","","распознавание документов | распознавание текста | интеллектуальный поиск документов | LLM документы | анализ документов искусственный интеллект | обработка документов искусственный интеллект","custom","card","44-ФЗ Электронный аукцион","Определение поставщика завершено","Поставка книжной продукции","МИНИСТЕРСТВО ИМУЩЕСТВЕННЫХ И ЗЕМЕЛЬНЫХ ОТНОШЕНИЙ ВЛАДИМИРСКОЙ ОБЛАСТИ","1700000.00","16.04.2026","24.04.2026","https://zakupki.gov.ru/epz/order/notice/ea20/view/common-info.html?regNumber=0128200000126002229"
"32615878966","noise","no","0","найдено в карточке ЕИС; класс=noise; совпадения: нет","","","","","распознавание документов","custom","card","223-ФЗ Запрос предложений в электронной форме, участниками которого могут быть только субъекты малого и среднего предпринимательства","Закупка завершена","Оказание услуги по обновлению модуля «Модуль сверки данных документов на основе распознавания их электронных образов» автоматизированной информационной системы краевого государственного автономного учреждения Приморского края «Многофункциональный центр предоставления государственных и муниципальных услуг в Приморском крае» и разработке функционала двухфакторной верификации заявителя при работе с заявлениями по услуге ЕСИА","КРАЕВОЕ ГОСУДАРСТВЕННОЕ АВТОНОМНОЕ УЧРЕЖДЕНИЕ ПРИМОРСКОГО КРАЯ ""МНОГОФУНКЦИОНАЛЬНЫЙ ЦЕНТР ПРЕДОСТАВЛЕНИЯ ГОСУДАРСТВЕННЫХ И МУНИЦИПАЛЬНЫХ УСЛУГ В ПРИМОРСКОМ КРАЕ""","950000.00","06.04.2026","14.04.2026","https://zakupki.gov.ru/223/purchase/public/purchase/info/common-info.html?regNumber=32615878966"
"32615866713","noise","no","0","найдено в карточке ЕИС; класс=noise; совпадения: нет","","","","","OCR","custom","card","223-ФЗ Иной способ","Закупка завершена","Оказание услуг по техническому сопровождению и развитию amoCRM и Sipuni","ГОСУДАРСТВЕННОЕ АВТОНОМНОЕ УЧРЕЖДЕНИЕ ЗДРАВООХРАНЕНИЯ СВЕРДЛОВСКОЙ ОБЛАСТИ ""ОБЛАСТНОЙ СПЕЦИАЛИЗИРОВАННЫЙ ЦЕНТР МЕДИЦИНСКОЙ РЕАБИЛИТАЦИИ ""САНАТОРИЙ ""ОБУХОВСКИЙ""","810000.00","01.04.2026","","https://zakupki.gov.ru/223/purchase/public/purchase/info/common-info.html?regNumber=32615866713"
"0121200003426000004","noise","no","0","найдено в карточке ЕИС; класс=noise; совпадения: нет","","","","","классификация документов","custom","card","44-ФЗ Запрос котировок в электронной форме","Определение поставщика завершено","Продление неисключительных прав использования электронной базы данных на условиях простой (неисключительной) лицензии для нужд представительства Правительства Ставропольского края при Правитель-стве Российской Федерации.","ПРЕДСТАВИТЕЛЬСТВО ПРАВИТЕЛЬСТВА СТАВРОПОЛЬСКОГО КРАЯ ПРИ ПРАВИТЕЛЬСТВЕ РОССИЙСКОЙ ФЕДЕРАЦИИ","43800.00","05.03.2026","13.03.2026","https://zakupki.gov.ru/epz/order/notice/zk20/view/common-info.html?regNumber=0121200003426000004"
"32615742791","noise","no","0","найдено в карточке ЕИС; класс=noise; совпадения: нет","","","","","OCR","custom","card","223-ФЗ Аукцион в электронной форме, участниками которого могут быть только субъекты малого и среднего предпринимательства","Закупка завершена","Оказание услуг по изготовлению индивидуальных абатментов из Ti, конструкции из CoCr сплава и безметалловых ортопедических конструкций на основе диоксид циркония для нужд СПб ГБУЗ ""Стоматологическая поликлиника №15"" в 2026 году","САНКТ-ПЕТЕРБУРГСКОЕ ГОСУДАРСТВЕННОЕ БЮДЖЕТНОЕ УЧРЕЖДЕНИЕ ЗДРАВООХРАНЕНИЯ ""СТОМАТОЛОГИЧЕСКАЯ ПОЛИКЛИНИКА № 15""","5423582.11","25.02.2026","05.03.2026","https://zakupki.gov.ru/223/purchase/public/purchase/info/common-info.html?regNumber=32615742791"
"32515583482","noise","no","0","найдено в карточке ЕИС; класс=noise; совпадения: нет","","","","","OCR","custom","card","223-ФЗ Иной способ","Закупка завершена","Предоставление доступа к модулю интеграции ИС «Логус» и AmoCRM (в дальнейшем Информационная система)","ФЕДЕРАЛЬНОЕ ГОСУДАРСТВЕННОЕ БЮДЖЕТНОЕ УЧРЕЖДЕНИЕ ЗДРАВООХРАНЕНИЯ ""МЕДИЦИНСКИЙ РЕАБИЛИТАЦИОННЫЙ ЦЕНТР"" СЕРГИЕВСКИЕ МИНЕРАЛЬНЫЕ ВОДЫ"" ФЕДЕРАЛЬНОГО МЕДИКО-БИОЛОГИЧЕСКОГО АГЕНТСТВА""","412850.00","26.12.2025","","https://zakupki.gov.ru/223/purchase/public/purchase/info/common-info.html?regNumber=32515583482"
"1081500000125000080","noise","no","0","найдено в карточке ЕИС; класс=noise; совпадения: нет","","","","","распознавание документов | распознавание текста | интеллектуальный поиск документов","custom","card","44-ФЗ Запрос котировок в электронной форме","Определение поставщика завершено","Поставка книг","МУНИЦИПАЛЬНОЕ АВТОНОМНОЕ УЧРЕЖДЕНИЕ ""ХУДОЖЕСТВЕННО-ИСТОРИЧЕСКИЙ ЦЕНТР ""СИРИУС""","2439400.00","05.12.2025","11.12.2025","https://zakupki.gov.ru/epz/order/notice/zk20/view/common-info.html?regNumber=1081500000125000080"
"0190200000325015669","noise","no","0","найдено в карточке ЕИС; класс=noise; совпадения: нет","","","","","распознавание документов","custom","card","44-ФЗ Электронный аукцион","Определение поставщика завершено","Оказание услуг по предоставлению доступа к ПО для автоматизированного распознавания документов на условиях простой (неисключительной) лицензии","ДЕПАРТАМЕНТ ГОСУДАРСТВЕННОГО ЗАКАЗА ЯМАЛО-НЕНЕЦКОГО АВТОНОМНОГО ОКРУГА","2700000.00","02.12.2025","11.12.2025","https://zakupki.gov.ru/epz/order/notice/ea20/view/common-info.html?regNumber=0190200000325015669"
"0111100008425000080","noise","no","0","найдено в карточке ЕИС; класс=noise; совпадения: нет","","","","","классификация документов | автоматическая классификация документов","custom","card","44-ФЗ Электронный аукцион","Определение поставщика завершено","Оказание услуг по техническому обслуживанию и ремонту транспортных средств для нужд районных (городских) судов Республики Татарстан","УПРАВЛЕНИЕ СУДЕБНОГО ДЕПАРТАМЕНТА В РЕСПУБЛИКЕ ТАТАРСТАН","3000000.00","01.12.2025","09.12.2025","https://zakupki.gov.ru/epz/order/notice/ea20/view/common-info.html?regNumber=0111100008425000080"
