tender_num,tender_name,customer,price_rub,fz,is_tz,doc_name,doc_url,doc_size,docs_url
"32615696901","Оказание услуг по передаче неисключительных прав использования данных приложения 1С Распознавание документов для нужд АО «Киностудия им. М. Горького»","АКЦИОНЕРНОЕ ОБЩЕСТВО ""КИНОСТУДИЯ ДЕТСКИХ И ЮНОШЕСКИХ ФИЛЬМОВ ИМ. М. ГОРЬКОГО""","187500.00","223-ФЗ Запрос котировок в электронной форме, участниками которого могут быть только субъекты малого и среднего предпринимательства","no","Проект_контракта_17030528-1.pdf","https://zakupki.gov.ru/223/filestore/public/1.0/download/fz223/file.html?uid=CD99C248B7B94EDE8C6C522BA95058B7","","https://zakupki.gov.ru/epz/order/notice/notice223/documents.html?purchaseNoticeNumber=32615696901&noticeGuid=1e15ecfc-239d-4f53-a225-8fb712fa93d9"
"32615696901","Оказание услуг по передаче неисключительных прав использования данных приложения 1С Распознавание документов для нужд АО «Киностудия им. М. Горького»","АКЦИОНЕРНОЕ ОБЩЕСТВО ""КИНОСТУДИЯ ДЕТСКИХ И ЮНОШЕСКИХ ФИЛЬМОВ ИМ. М. ГОРЬКОГО""","187500.00","223-ФЗ Запрос котировок в электронной форме, участниками которого могут быть только субъекты малого и среднего предпринимательства","no","Расчет НМЦД РАСПОЗНАВАНИЕ 1с.xlsx","https://zakupki.gov.ru/223/filestore/public/1.0/download/fz223/file.html?uid=EE7AA0B749FC4A37A1924FBF1DDEA622","","https://zakupki.gov.ru/epz/order/notice/notice223/documents.html?purchaseNoticeNumber=32615696901&noticeGuid=1e15ecfc-239d-4f53-a225-8fb712fa93d9"
"32615696901","Оказание услуг по передаче неисключительных прав использования данных приложения 1С Распознавание документов для нужд АО «Киностудия им. М. Горького»","АКЦИОНЕРНОЕ ОБЩЕСТВО ""КИНОСТУДИЯ ДЕТСКИХ И ЮНОШЕСКИХ ФИЛЬМОВ ИМ. М. ГОРЬКОГО""","187500.00","223-ФЗ Запрос котировок в электронной форме, участниками которого могут быть только субъекты малого и среднего предпринимательства","yes","Техническое_задание_17030528-1.pdf","https://zakupki.gov.ru/223/filestore/public/1.0/download/fz223/file.html?uid=9FBFC39F6F8B40DD805CBA3B30CA173F","","https://zakupki.gov.ru/epz/order/notice/notice223/documents.html?purchaseNoticeNumber=32615696901&noticeGuid=1e15ecfc-239d-4f53-a225-8fb712fa93d9"
"32615696901","Оказание услуг по передаче неисключительных прав использования данных приложения 1С Распознавание документов для нужд АО «Киностудия им. М. Горького»","АКЦИОНЕРНОЕ ОБЩЕСТВО ""КИНОСТУДИЯ ДЕТСКИХ И ЮНОШЕСКИХ ФИЛЬМОВ ИМ. М. ГОРЬКОГО""","187500.00","223-ФЗ Запрос котировок в электронной форме, участниками которого могут быть только субъекты малого и среднего предпринимательства","no","1875 (2).docx","https://zakupki.gov.ru/223/filestore/public/1.0/download/fz223/file.html?uid=1BF3161BD68B49FCB032B710D0F2AD16","","https://zakupki.gov.ru/epz/order/notice/notice223/documents.html?purchaseNoticeNumber=32615696901&noticeGuid=1e15ecfc-239d-4f53-a225-8fb712fa93d9"
"32615696901","Оказание услуг по передаче неисключительных прав использования данных приложения 1С Распознавание документов для нужд АО «Киностудия им. М. Горького»","АКЦИОНЕРНОЕ ОБЩЕСТВО ""КИНОСТУДИЯ ДЕТСКИХ И ЮНОШЕСКИХ ФИЛЬМОВ ИМ. М. ГОРЬКОГО""","187500.00","223-ФЗ Запрос котировок в электронной форме, участниками которого могут быть только субъекты малого и среднего предпринимательства","no","OpenCompetition14830458.pdf","https://zakupki.gov.ru/223/filestore/public/1.0/download/fz223/file.html?uid=281EB16916D24E149E1AFCF7747A3890","","https://zakupki.gov.ru/epz/order/notice/notice223/documents.html?purchaseNoticeNumber=32615696901&noticeGuid=1e15ecfc-239d-4f53-a225-8fb712fa93d9"
"32615696901","Оказание услуг по передаче неисключительных прав использования данных приложения 1С Распознавание документов для нужд АО «Киностудия им. М. Горького»","АКЦИОНЕРНОЕ ОБЩЕСТВО ""КИНОСТУДИЯ ДЕТСКИХ И ЮНОШЕСКИХ ФИЛЬМОВ ИМ. М. ГОРЬКОГО""","187500.00","223-ФЗ Запрос котировок в электронной форме, участниками которого могут быть только субъекты малого и среднего предпринимательства","no","Протокол НМЦД.pdf","https://zakupki.gov.ru/223/filestore/public/1.0/download/fz223/file.html?uid=5DE3270F5D9D4FE287BF7D88F145F077","","https://zakupki.gov.ru/epz/order/notice/notice223/documents.html?purchaseNoticeNumber=32615696901&noticeGuid=1e15ecfc-239d-4f53-a225-8fb712fa93d9"
"32615696901","Оказание услуг по передаче неисключительных прав использования данных приложения 1С Распознавание документов для нужд АО «Киностудия им. М. Горького»","АКЦИОНЕРНОЕ ОБЩЕСТВО ""КИНОСТУДИЯ ДЕТСКИХ И ЮНОШЕСКИХ ФИЛЬМОВ ИМ. М. ГОРЬКОГО""","187500.00","223-ФЗ Запрос котировок в электронной форме, участниками которого могут быть только субъекты малого и среднего предпринимательства","no","OpenCompetition14830458.pdf","https://zakupki.gov.ru/223/filestore/public/1.0/download/fz223/file.html?uid=5B738DAA55954E5D8876AD27F7A1F296","","https://zakupki.gov.ru/epz/order/notice/notice223/documents.html?purchaseNoticeNumber=32615696901&noticeGuid=1e15ecfc-239d-4f53-a225-8fb712fa93d9"
"32615696901","Оказание услуг по передаче неисключительных прав использования данных приложения 1С Распознавание документов для нужд АО «Киностудия им. М. Горького»","АКЦИОНЕРНОЕ ОБЩЕСТВО ""КИНОСТУДИЯ ДЕТСКИХ И ЮНОШЕСКИХ ФИЛЬМОВ ИМ. М. ГОРЬКОГО""","187500.00","223-ФЗ Запрос котировок в электронной форме, участниками которого могут быть только субъекты малого и среднего предпринимательства","yes","Техническое_задание_17055848-1.pdf","https://zakupki.gov.ru/223/filestore/public/1.0/download/fz223/file.html?uid=E3D924C6A78D44D793F3410EC5F5139F","","https://zakupki.gov.ru/epz/order/notice/notice223/documents.html?purchaseNoticeNumber=32615696901&noticeGuid=1e15ecfc-239d-4f53-a225-8fb712fa93d9"
"32615696901","Оказание услуг по передаче неисключительных прав использования данных приложения 1С Распознавание документов для нужд АО «Киностудия им. М. Горького»","АКЦИОНЕРНОЕ ОБЩЕСТВО ""КИНОСТУДИЯ ДЕТСКИХ И ЮНОШЕСКИХ ФИЛЬМОВ ИМ. М. ГОРЬКОГО""","187500.00","223-ФЗ Запрос котировок в электронной форме, участниками которого могут быть только субъекты малого и среднего предпринимательства","no","Протокол НМЦД.pdf","https://zakupki.gov.ru/223/filestore/public/1.0/download/fz223/file.html?uid=4D4B452391854D0AA759506E68B1460C","","https://zakupki.gov.ru/epz/order/notice/notice223/documents.html?purchaseNoticeNumber=32615696901&noticeGuid=1e15ecfc-239d-4f53-a225-8fb712fa93d9"
"32615696901","Оказание услуг по передаче неисключительных прав использования данных приложения 1С Распознавание документов для нужд АО «Киностудия им. М. Горького»","АКЦИОНЕРНОЕ ОБЩЕСТВО ""КИНОСТУДИЯ ДЕТСКИХ И ЮНОШЕСКИХ ФИЛЬМОВ ИМ. М. ГОРЬКОГО""","187500.00","223-ФЗ Запрос котировок в электронной форме, участниками которого могут быть только субъекты малого и среднего предпринимательства","no","Проект_контракта_17030528-1.pdf","https://zakupki.gov.ru/223/filestore/public/1.0/download/fz223/file.html?uid=DEAFF1E538F64FD4A86780BE650F8ACA","","https://zakupki.gov.ru/epz/order/notice/notice223/documents.html?purchaseNoticeNumber=32615696901&noticeGuid=1e15ecfc-239d-4f53-a225-8fb712fa93d9"
"32615696901","Оказание услуг по передаче неисключительных прав использования данных приложения 1С Распознавание документов для нужд АО «Киностудия им. М. Горького»","АКЦИОНЕРНОЕ ОБЩЕСТВО ""КИНОСТУДИЯ ДЕТСКИХ И ЮНОШЕСКИХ ФИЛЬМОВ ИМ. М. ГОРЬКОГО""","187500.00","223-ФЗ Запрос котировок в электронной форме, участниками которого могут быть только субъекты малого и среднего предпринимательства","no","Расчет НМЦД РАСПОЗНАВАНИЕ 1с.xlsx","https://zakupki.gov.ru/223/filestore/public/1.0/download/fz223/file.html?uid=239EF7A6C0C846E1BA980E0203A98632","","https://zakupki.gov.ru/epz/order/notice/notice223/documents.html?purchaseNoticeNumber=32615696901&noticeGuid=1e15ecfc-239d-4f53-a225-8fb712fa93d9"
"32615696901","Оказание услуг по передаче неисключительных прав использования данных приложения 1С Распознавание документов для нужд АО «Киностудия им. М. Горького»","АКЦИОНЕРНОЕ ОБЩЕСТВО ""КИНОСТУДИЯ ДЕТСКИХ И ЮНОШЕСКИХ ФИЛЬМОВ ИМ. М. ГОРЬКОГО""","187500.00","223-ФЗ Запрос котировок в электронной форме, участниками которого могут быть только субъекты малого и среднего предпринимательства","no","1875 (2).docx","https://zakupki.gov.ru/223/filestore/public/1.0/download/fz223/file.html?uid=1A70819241724BFE95A5278BEF3514DC","","https://zakupki.gov.ru/epz/order/notice/notice223/documents.html?purchaseNoticeNumber=32615696901&noticeGuid=1e15ecfc-239d-4f53-a225-8fb712fa93d9"
"32615696901","Оказание услуг по передаче неисключительных прав использования данных приложения 1С Распознавание документов для нужд АО «Киностудия им. М. Горького»","АКЦИОНЕРНОЕ ОБЩЕСТВО ""КИНОСТУДИЯ ДЕТСКИХ И ЮНОШЕСКИХ ФИЛЬМОВ ИМ. М. ГОРЬКОГО""","187500.00","223-ФЗ Запрос котировок в электронной форме, участниками которого могут быть только субъекты малого и среднего предпринимательства","no","Ответ на запрос №1.docx","https://zakupki.gov.ru/223/filestore/public/1.0/download/fz223/file.html?uid=1B6ED79022EB42AFA14F08C33A09270E","","https://zakupki.gov.ru/epz/order/notice/notice223/documents.html?purchaseNoticeNumber=32615696901&noticeGuid=1e15ecfc-239d-4f53-a225-8fb712fa93d9"
"32615696901","Оказание услуг по передаче неисключительных прав использования данных приложения 1С Распознавание документов для нужд АО «Киностудия им. М. Горького»","АКЦИОНЕРНОЕ ОБЩЕСТВО ""КИНОСТУДИЯ ДЕТСКИХ И ЮНОШЕСКИХ ФИЛЬМОВ ИМ. М. ГОРЬКОГО""","187500.00","223-ФЗ Запрос котировок в электронной форме, участниками которого могут быть только субъекты малого и среднего предпринимательства","no","32615696901 Итоговый протокол лот №1.pdf","https://zakupki.gov.ru/223/filestore/public/1.0/download/fz223/file.html?uid=FD6232D274AE4CF4B88315C3A479CE6A","","https://zakupki.gov.ru/epz/order/notice/notice223/documents.html?purchaseNoticeNumber=32615696901&noticeGuid=1e15ecfc-239d-4f53-a225-8fb712fa93d9"
"0190300004625000432","Оказание услуг по переводу информационного массива отсканированных документов в формат PDF/A с распознаванием верхнего слоя и загрузке данных в государственную информационную систему «Электронный архив Ямало-Ненецкого автономного округа»","АДМИНИСТРАЦИЯ ГОРОДА МУРАВЛЕНКО","448000.00","44-ФЗ Электронный аукцион","no","Приложение №3 Обоснование НМЦК.xlsx.zip","https://zakupki.gov.ru/44fz/filestore/public/1.0/download/priz/file.html?uid=8C1A1A48425947E9B35D7B33C17CFCEE","","https://zakupki.gov.ru/epz/order/notice/ea20/view/documents.html?regNumber=0190300004625000432"
"0190300004625000432","Оказание услуг по переводу информационного массива отсканированных документов в формат PDF/A с распознаванием верхнего слоя и загрузке данных в государственную информационную систему «Электронный архив Ямало-Ненецкого автономного округа»","АДМИНИСТРАЦИЯ ГОРОДА МУРАВЛЕНКО","448000.00","44-ФЗ Электронный аукцион","no","Приложение №2 Проект контракта .docx.zip","https://zakupki.gov.ru/44fz/filestore/public/1.0/download/priz/file.html?uid=3CD4D85D237F45DCBA72DFB89F5EC731","","https://zakupki.gov.ru/epz/order/notice/ea20/view/documents.html?regNumber=0190300004625000432"
"0190300004625000432","Оказание услуг по переводу информационного массива отсканированных документов в формат PDF/A с распознаванием верхнего слоя и загрузке данных в государственную информационную систему «Электронный архив Ямало-Ненецкого автономного округа»","АДМИНИСТРАЦИЯ ГОРОДА МУРАВЛЕНКО","448000.00","44-ФЗ Электронный аукцион","yes","Приложение № 1 Описание объекта закупки .docx.zip","https://zakupki.gov.ru/44fz/filestore/public/1.0/download/priz/file.html?uid=FEF26B545DAE44E4834C1558DB3D45E7","","https://zakupki.gov.ru/epz/order/notice/ea20/view/documents.html?regNumber=0190300004625000432"
"0190300004625000432","Оказание услуг по переводу информационного массива отсканированных документов в формат PDF/A с распознаванием верхнего слоя и загрузке данных в государственную информационную систему «Электронный архив Ямало-Ненецкого автономного округа»","АДМИНИСТРАЦИЯ ГОРОДА МУРАВЛЕНКО","448000.00","44-ФЗ Электронный аукцион","no","Приложение №4 Требования к составу аукционной заявки с инструкцией по заполнению.docx.zip","https://zakupki.gov.ru/44fz/filestore/public/1.0/download/priz/file.html?uid=8187B5B4632B4A99AEAA8DCB052040F5","","https://zakupki.gov.ru/epz/order/notice/ea20/view/documents.html?regNumber=0190300004625000432"
"0190300004625000432","Оказание услуг по переводу информационного массива отсканированных документов в формат PDF/A с распознаванием верхнего слоя и загрузке данных в государственную информационную систему «Электронный архив Ямало-Ненецкого автономного округа»","АДМИНИСТРАЦИЯ ГОРОДА МУРАВЛЕНКО","448000.00","44-ФЗ Электронный аукцион","no","Электронный документ, полученный из внешней системы","https://zakupki.gov.ru/44fz/filestore/public/1.0/download/priz/file.html?uid=8D6E6280B6044CAF91F0E1A7CA34698C","","https://zakupki.gov.ru/epz/order/notice/ea20/view/documents.html?regNumber=0190300004625000432"
"0190300004625000432","Оказание услуг по переводу информационного массива отсканированных документов в формат PDF/A с распознаванием верхнего слоя и загрузке данных в государственную информационную систему «Электронный архив Ямало-Ненецкого автономного округа»","АДМИНИСТРАЦИЯ ГОРОДА МУРАВЛЕНКО","448000.00","44-ФЗ Электронный аукцион","no","Электронный документ, полученный из внешней системы","https://zakupki.gov.ru/44fz/filestore/public/1.0/download/priz/file.html?uid=97675CB649EE4049AFA8BADAD7678CA4","","https://zakupki.gov.ru/epz/order/notice/ea20/view/documents.html?regNumber=0190300004625000432"
"32615959840","Поставка программно-аппаратного комплекса для сканирования и распознавания документов","ФЕДЕРАЛЬНОЕ ГОСУДАРСТВЕННОЕ АВТОНОМНОЕ УЧРЕЖДЕНИЕ ""НАЦИОНАЛЬНЫЙ МЕДИЦИНСКИЙ ИССЛЕДОВАТЕЛЬСКИЙ ЦЕНТР ""МЕЖОТРАСЛЕВОЙ НАУЧНО-ТЕХНИЧЕСКИЙ КОМПЛЕКС ""МИКРОХИРУРГИЯ ГЛАЗА"" ИМЕНИ АКАДЕМИКА С.Н. ФЕДОРОВА"" МИНИСТЕРСТВА ЗДРАВООХРАНЕНИЯ РОССИЙСКОЙ ФЕДЕРАЦИИ","699000.00","223-ФЗ Иной способ","no","96 ЗК ЭФ Поставка ПАК для сканирования и распознавания документов.docx","https://zakupki.gov.ru/223/filestore/public/1.0/download/fz223/file.html?uid=DCB8E861DF5B4E3CAA1C3F629E82F000","","https://zakupki.gov.ru/epz/order/notice/notice223/documents.html?purchaseNoticeNumber=32615959840&noticeGuid=74f484ab-b680-44ed-820a-651a8ca8c4fa"
"32615959840","Поставка программно-аппаратного комплекса для сканирования и распознавания документов","ФЕДЕРАЛЬНОЕ ГОСУДАРСТВЕННОЕ АВТОНОМНОЕ УЧРЕЖДЕНИЕ ""НАЦИОНАЛЬНЫЙ МЕДИЦИНСКИЙ ИССЛЕДОВАТЕЛЬСКИЙ ЦЕНТР ""МЕЖОТРАСЛЕВОЙ НАУЧНО-ТЕХНИЧЕСКИЙ КОМПЛЕКС ""МИКРОХИРУРГИЯ ГЛАЗА"" ИМЕНИ АКАДЕМИКА С.Н. ФЕДОРОВА"" МИНИСТЕРСТВА ЗДРАВООХРАНЕНИЯ РОССИЙСКОЙ ФЕДЕРАЦИИ","699000.00","223-ФЗ Иной способ","no","96 Протокол_рассмотрения_заявок_и_подведения_итогов_ЗК_1 (2).pdf","https://zakupki.gov.ru/223/filestore/public/1.0/download/fz223/file.html?uid=22D418DDCD74431BA494A82834935A8C","","https://zakupki.gov.ru/epz/order/notice/notice223/documents.html?purchaseNoticeNumber=32615959840&noticeGuid=74f484ab-b680-44ed-820a-651a8ca8c4fa"
"32615959840","Поставка программно-аппаратного комплекса для сканирования и распознавания документов","ФЕДЕРАЛЬНОЕ ГОСУДАРСТВЕННОЕ АВТОНОМНОЕ УЧРЕЖДЕНИЕ ""НАЦИОНАЛЬНЫЙ МЕДИЦИНСКИЙ ИССЛЕДОВАТЕЛЬСКИЙ ЦЕНТР ""МЕЖОТРАСЛЕВОЙ НАУЧНО-ТЕХНИЧЕСКИЙ КОМПЛЕКС ""МИКРОХИРУРГИЯ ГЛАЗА"" ИМЕНИ АКАДЕМИКА С.Н. ФЕДОРОВА"" МИНИСТЕРСТВА ЗДРАВООХРАНЕНИЯ РОССИЙСКОЙ ФЕДЕРАЦИИ","699000.00","223-ФЗ Иной способ","no","96 Протокол_рассмотрения_заявок_и_подведения_итогов_ЗК_1 (2).docx","https://zakupki.gov.ru/223/filestore/public/1.0/download/fz223/file.html?uid=23308DFFCC914D5DBE2012237D591580","","https://zakupki.gov.ru/epz/order/notice/notice223/documents.html?purchaseNoticeNumber=32615959840&noticeGuid=74f484ab-b680-44ed-820a-651a8ca8c4fa"
"0356500001426003567","Оказание услуг по предоставлению сертификата технической поддержки программного комплекса автоматического распознавания речи для семантического анализа речи BSS.SignyFi (БСС.СигниФай) и для преобразования речи в текстовую запись BSS.CodyFi (БСС.КодиФай)","ГОСУДАРСТВЕННОЕ КАЗЕННОЕ УЧРЕЖДЕНИЕ ПЕРМСКОГО КРАЯ ""ЦЕНТР ОРГАНИЗАЦИИ ЗАКУПОК""","1759000.00","44-ФЗ Электронный аукцион","no","ОБОСНОВАНИЕ (РАСЧЕТ) НМЦК","https://zakupki.gov.ru/44fz/filestore/public/1.0/download/priz/file.html?uid=B6A737A349304B52B3E988984E7874D2","","https://zakupki.gov.ru/epz/order/notice/ea20/view/documents.html?regNumber=0356500001426003567"
"0356500001426003567","Оказание услуг по предоставлению сертификата технической поддержки программного комплекса автоматического распознавания речи для семантического анализа речи BSS.SignyFi (БСС.СигниФай) и для преобразования речи в текстовую запись BSS.CodyFi (БСС.КодиФай)","ГОСУДАРСТВЕННОЕ КАЗЕННОЕ УЧРЕЖДЕНИЕ ПЕРМСКОГО КРАЯ ""ЦЕНТР ОРГАНИЗАЦИИ ЗАКУПОК""","1759000.00","44-ФЗ Электронный аукцион","no","Проект контракта","https://zakupki.gov.ru/44fz/filestore/public/1.0/download/priz/file.html?uid=DB700C449B764749AB9B32A1EE3AC618","","https://zakupki.gov.ru/epz/order/notice/ea20/view/documents.html?regNumber=0356500001426003567"
"0356500001426003567","Оказание услуг по предоставлению сертификата технической поддержки программного комплекса автоматического распознавания речи для семантического анализа речи BSS.SignyFi (БСС.СигниФай) и для преобразования речи в текстовую запись BSS.CodyFi (БСС.КодиФай)","ГОСУДАРСТВЕННОЕ КАЗЕННОЕ УЧРЕЖДЕНИЕ ПЕРМСКОГО КРАЯ ""ЦЕНТР ОРГАНИЗАЦИИ ЗАКУПОК""","1759000.00","44-ФЗ Электронный аукцион","yes","Техническое задание","https://zakupki.gov.ru/44fz/filestore/public/1.0/download/priz/file.html?uid=85D89BD69BA54D6AB22CD49C5A6BEE6C","","https://zakupki.gov.ru/epz/order/notice/ea20/view/documents.html?regNumber=0356500001426003567"
"0356500001426003567","Оказание услуг по предоставлению сертификата технической поддержки программного комплекса автоматического распознавания речи для семантического анализа речи BSS.SignyFi (БСС.СигниФай) и для преобразования речи в текстовую запись BSS.CodyFi (БСС.КодиФай)","ГОСУДАРСТВЕННОЕ КАЗЕННОЕ УЧРЕЖДЕНИЕ ПЕРМСКОГО КРАЯ ""ЦЕНТР ОРГАНИЗАЦИИ ЗАКУПОК""","1759000.00","44-ФЗ Электронный аукцион","no","Требования к содержанию, составу заявки на участие в закупке","https://zakupki.gov.ru/44fz/filestore/public/1.0/download/priz/file.html?uid=D2E3776A3F874FB493F20A22D673228C","","https://zakupki.gov.ru/epz/order/notice/ea20/view/documents.html?regNumber=0356500001426003567"
"0356500001426003567","Оказание услуг по предоставлению сертификата технической поддержки программного комплекса автоматического распознавания речи для семантического анализа речи BSS.SignyFi (БСС.СигниФай) и для преобразования речи в текстовую запись BSS.CodyFi (БСС.КодиФай)","ГОСУДАРСТВЕННОЕ КАЗЕННОЕ УЧРЕЖДЕНИЕ ПЕРМСКОГО КРАЯ ""ЦЕНТР ОРГАНИЗАЦИИ ЗАКУПОК""","1759000.00","44-ФЗ Электронный аукцион","no","Электронный документ, полученный из внешней системы","https://zakupki.gov.ru/44fz/filestore/public/1.0/download/priz/file.html?uid=A355EBF89BCA4B829AB347E9651F0EB2","","https://zakupki.gov.ru/epz/order/notice/ea20/view/documents.html?regNumber=0356500001426003567"
"0348200081026002292","Оказание услуг по сопровождению подсистемы обеспечения голосового ввода информации при оформлении медицинской документации на базе технологии распознавания речи при работе в государственной информационной системе «Единая медицинская информационно-аналитическая система Московской области» в 2026-2027 годах","ГОСУДАРСТВЕННОЕ КАЗЕННОЕ УЧРЕЖДЕНИЕ МОСКОВСКОЙ ОБЛАСТИ ""ДИРЕКЦИЯ ЕДИНОГО ЗАКАЗЧИКА МИНИСТЕРСТВА ЗДРАВООХРАНЕНИЯ МОСКОВСКОЙ ОБЛАСТИ""","13200000.00","44-ФЗ Электронный аукцион","no","Обоснование НМЦК","https://zakupki.gov.ru/44fz/filestore/public/1.0/download/priz/file.html?uid=D63AB0106BA5432E9B138DBA5B7D93F6","","https://zakupki.gov.ru/epz/order/notice/ea20/view/documents.html?regNumber=0348200081026002292"
"0348200081026002292","Оказание услуг по сопровождению подсистемы обеспечения голосового ввода информации при оформлении медицинской документации на базе технологии распознавания речи при работе в государственной информационной системе «Единая медицинская информационно-аналитическая система Московской области» в 2026-2027 годах","ГОСУДАРСТВЕННОЕ КАЗЕННОЕ УЧРЕЖДЕНИЕ МОСКОВСКОЙ ОБЛАСТИ ""ДИРЕКЦИЯ ЕДИНОГО ЗАКАЗЧИКА МИНИСТЕРСТВА ЗДРАВООХРАНЕНИЯ МОСКОВСКОЙ ОБЛАСТИ""","13200000.00","44-ФЗ Электронный аукцион","no","Проект контракта, сост. 17.04.2026","https://zakupki.gov.ru/44fz/filestore/public/1.0/download/priz/file.html?uid=69356DC475E5419DBECABFD6F5A65865","","https://zakupki.gov.ru/epz/order/notice/ea20/view/documents.html?regNumber=0348200081026002292"
"0348200081026002292","Оказание услуг по сопровождению подсистемы обеспечения голосового ввода информации при оформлении медицинской документации на базе технологии распознавания речи при работе в государственной информационной системе «Единая медицинская информационно-аналитическая система Московской области» в 2026-2027 годах","ГОСУДАРСТВЕННОЕ КАЗЕННОЕ УЧРЕЖДЕНИЕ МОСКОВСКОЙ ОБЛАСТИ ""ДИРЕКЦИЯ ЕДИНОГО ЗАКАЗЧИКА МИНИСТЕРСТВА ЗДРАВООХРАНЕНИЯ МОСКОВСКОЙ ОБЛАСТИ""","13200000.00","44-ФЗ Электронный аукцион","no","ТЗ_ГВ_сопровод_2026-2027_3 этапа","https://zakupki.gov.ru/44fz/filestore/public/1.0/download/priz/file.html?uid=BD3ACAD09E2A414DBF33C5F5535F487A","","https://zakupki.gov.ru/epz/order/notice/ea20/view/documents.html?regNumber=0348200081026002292"
"0348200081026002292","Оказание услуг по сопровождению подсистемы обеспечения голосового ввода информации при оформлении медицинской документации на базе технологии распознавания речи при работе в государственной информационной системе «Единая медицинская информационно-аналитическая система Московской области» в 2026-2027 годах","ГОСУДАРСТВЕННОЕ КАЗЕННОЕ УЧРЕЖДЕНИЕ МОСКОВСКОЙ ОБЛАСТИ ""ДИРЕКЦИЯ ЕДИНОГО ЗАКАЗЧИКА МИНИСТЕРСТВА ЗДРАВООХРАНЕНИЯ МОСКОВСКОЙ ОБЛАСТИ""","13200000.00","44-ФЗ Электронный аукцион","no","Требование к содержанию, составу заявки на участие в закупке закупка №032969-26","https://zakupki.gov.ru/44fz/filestore/public/1.0/download/priz/file.html?uid=BF17405D9B8944EA96DF4810DC58F301","","https://zakupki.gov.ru/epz/order/notice/ea20/view/documents.html?regNumber=0348200081026002292"
"0348200081026002292","Оказание услуг по сопровождению подсистемы обеспечения голосового ввода информации при оформлении медицинской документации на базе технологии распознавания речи при работе в государственной информационной системе «Единая медицинская информационно-аналитическая система Московской области» в 2026-2027 годах","ГОСУДАРСТВЕННОЕ КАЗЕННОЕ УЧРЕЖДЕНИЕ МОСКОВСКОЙ ОБЛАСТИ ""ДИРЕКЦИЯ ЕДИНОГО ЗАКАЗЧИКА МИНИСТЕРСТВА ЗДРАВООХРАНЕНИЯ МОСКОВСКОЙ ОБЛАСТИ""","13200000.00","44-ФЗ Электронный аукцион","no","Приложение к проекту контракта, сост. 17.04.2026","https://zakupki.gov.ru/44fz/filestore/public/1.0/download/priz/file.html?uid=0AF8DEE23EBE48C699D4E4C9B9AFD7D5","","https://zakupki.gov.ru/epz/order/notice/ea20/view/documents.html?regNumber=0348200081026002292"
"0348200081026002292","Оказание услуг по сопровождению подсистемы обеспечения голосового ввода информации при оформлении медицинской документации на базе технологии распознавания речи при работе в государственной информационной системе «Единая медицинская информационно-аналитическая система Московской области» в 2026-2027 годах","ГОСУДАРСТВЕННОЕ КАЗЕННОЕ УЧРЕЖДЕНИЕ МОСКОВСКОЙ ОБЛАСТИ ""ДИРЕКЦИЯ ЕДИНОГО ЗАКАЗЧИКА МИНИСТЕРСТВА ЗДРАВООХРАНЕНИЯ МОСКОВСКОЙ ОБЛАСТИ""","13200000.00","44-ФЗ Электронный аукцион","no","ответ на запрос","https://zakupki.gov.ru/44fz/filestore/public/1.0/download/priz/file.html?uid=A211E30099E64F5D9916DED9476E9E3A","","https://zakupki.gov.ru/epz/order/notice/ea20/view/documents.html?regNumber=0348200081026002292"
"0348200081026002292","Оказание услуг по сопровождению подсистемы обеспечения голосового ввода информации при оформлении медицинской документации на базе технологии распознавания речи при работе в государственной информационной системе «Единая медицинская информационно-аналитическая система Московской области» в 2026-2027 годах","ГОСУДАРСТВЕННОЕ КАЗЕННОЕ УЧРЕЖДЕНИЕ МОСКОВСКОЙ ОБЛАСТИ ""ДИРЕКЦИЯ ЕДИНОГО ЗАКАЗЧИКА МИНИСТЕРСТВА ЗДРАВООХРАНЕНИЯ МОСКОВСКОЙ ОБЛАСТИ""","13200000.00","44-ФЗ Электронный аукцион","no","Разъяснения_Голос_24.04.2026_2","https://zakupki.gov.ru/44fz/filestore/public/1.0/download/priz/file.html?uid=E116031E7D914905941C80707BDD33CC","","https://zakupki.gov.ru/epz/order/notice/ea20/view/documents.html?regNumber=0348200081026002292"
"0348200081026002292","Оказание услуг по сопровождению подсистемы обеспечения голосового ввода информации при оформлении медицинской документации на базе технологии распознавания речи при работе в государственной информационной системе «Единая медицинская информационно-аналитическая система Московской области» в 2026-2027 годах","ГОСУДАРСТВЕННОЕ КАЗЕННОЕ УЧРЕЖДЕНИЕ МОСКОВСКОЙ ОБЛАСТИ ""ДИРЕКЦИЯ ЕДИНОГО ЗАКАЗЧИКА МИНИСТЕРСТВА ЗДРАВООХРАНЕНИЯ МОСКОВСКОЙ ОБЛАСТИ""","13200000.00","44-ФЗ Электронный аукцион","no","Электронный документ, полученный из внешней системы","https://zakupki.gov.ru/44fz/filestore/public/1.0/download/priz/file.html?uid=1BF6171648CB4E4F8D9EA3042156F1AB","","https://zakupki.gov.ru/epz/order/notice/ea20/view/documents.html?regNumber=0348200081026002292"
"0835600001526000005","Оказание услуг по сопровождению локальной информационно-телекоммуникационной инфраструктуры автоматизированной парковочной системы и технической поддержке лицензионного программного обеспечения «Кейпарк»","МУНИЦИПАЛЬНОЕ КАЗЕННОЕ УЧРЕЖДЕНИЕ ""ГОРОДСКАЯ СЛУЖБА АВТОПАРКОВОК"" ГОРОДСКОГО ОКРУГА ""ГОРОД КАЛИНИНГРАД""","2000000.00","44-ФЗ Запрос котировок в электронной форме","no","Требования к содержанию, составу заявки на участие в электронном запросе котировок","https://zakupki.gov.ru/44fz/filestore/public/1.0/download/priz/file.html?uid=DF99FA87810D4BE690BC16CC45924290","","https://zakupki.gov.ru/epz/order/notice/zk20/view/documents.html?regNumber=0835600001526000005"
"0835600001526000005","Оказание услуг по сопровождению локальной информационно-телекоммуникационной инфраструктуры автоматизированной парковочной системы и технической поддержке лицензионного программного обеспечения «Кейпарк»","МУНИЦИПАЛЬНОЕ КАЗЕННОЕ УЧРЕЖДЕНИЕ ""ГОРОДСКАЯ СЛУЖБА АВТОПАРКОВОК"" ГОРОДСКОГО ОКРУГА ""ГОРОД КАЛИНИНГРАД""","2000000.00","44-ФЗ Запрос котировок в электронной форме","yes","Описание объекта закупки (техническое задание)","https://zakupki.gov.ru/44fz/filestore/public/1.0/download/priz/file.html?uid=C4B23514E4B94F07BCBCFCA6A6067BA2","","https://zakupki.gov.ru/epz/order/notice/zk20/view/documents.html?regNumber=0835600001526000005"
"0835600001526000005","Оказание услуг по сопровождению локальной информационно-телекоммуникационной инфраструктуры автоматизированной парковочной системы и технической поддержке лицензионного программного обеспечения «Кейпарк»","МУНИЦИПАЛЬНОЕ КАЗЕННОЕ УЧРЕЖДЕНИЕ ""ГОРОДСКАЯ СЛУЖБА АВТОПАРКОВОК"" ГОРОДСКОГО ОКРУГА ""ГОРОД КАЛИНИНГРАД""","2000000.00","44-ФЗ Запрос котировок в электронной форме","no","Проект контракта","https://zakupki.gov.ru/44fz/filestore/public/1.0/download/priz/file.html?uid=D37BFD3CADE2418AA33A4F1CB4AA73EC","","https://zakupki.gov.ru/epz/order/notice/zk20/view/documents.html?regNumber=0835600001526000005"
"0835600001526000005","Оказание услуг по сопровождению локальной информационно-телекоммуникационной инфраструктуры автоматизированной парковочной системы и технической поддержке лицензионного программного обеспечения «Кейпарк»","МУНИЦИПАЛЬНОЕ КАЗЕННОЕ УЧРЕЖДЕНИЕ ""ГОРОДСКАЯ СЛУЖБА АВТОПАРКОВОК"" ГОРОДСКОГО ОКРУГА ""ГОРОД КАЛИНИНГРАД""","2000000.00","44-ФЗ Запрос котировок в электронной форме","no","Обоснование НЦЕУ","https://zakupki.gov.ru/44fz/filestore/public/1.0/download/priz/file.html?uid=C7B8FAD1570D48E284ED727435FF56A2","","https://zakupki.gov.ru/epz/order/notice/zk20/view/documents.html?regNumber=0835600001526000005"
"0835600001526000005","Оказание услуг по сопровождению локальной информационно-телекоммуникационной инфраструктуры автоматизированной парковочной системы и технической поддержке лицензионного программного обеспечения «Кейпарк»","МУНИЦИПАЛЬНОЕ КАЗЕННОЕ УЧРЕЖДЕНИЕ ""ГОРОДСКАЯ СЛУЖБА АВТОПАРКОВОК"" ГОРОДСКОГО ОКРУГА ""ГОРОД КАЛИНИНГРАД""","2000000.00","44-ФЗ Запрос котировок в электронной форме","no","Электронный документ, полученный из внешней системы","https://zakupki.gov.ru/44fz/filestore/public/1.0/download/priz/file.html?uid=1EFF7247547141C78B9A7D067CCC987B","","https://zakupki.gov.ru/epz/order/notice/zk20/view/documents.html?regNumber=0835600001526000005"
"0373100084726000005","Оказание услуг предоставления доступа к облачной отказоустойчивой платформе для вычислений, хранения и обработки данных","ФЕДЕРАЛЬНОЕ ГОСУДАРСТВЕННОЕ БЮДЖЕТНОЕ УЧРЕЖДЕНИЕ ""ВСЕРОССИЙСКИЙ НАУЧНО-ИССЛЕДОВАТЕЛЬСКИЙ ИНСТИТУТ ТРУДА"" МИНИСТЕРСТВА ТРУДА И СОЦИАЛЬНОЙ ЗАЩИТЫ РОССИЙСКОЙ ФЕДЕРАЦИИ","16800000.00","44-ФЗ Электронный аукцион","no","ПРиложение 4 Требования к заявке","https://zakupki.gov.ru/44fz/filestore/public/1.0/download/priz/file.html?uid=C6A60848011043E79C66E541432F99E4","","https://zakupki.gov.ru/epz/order/notice/ea20/view/documents.html?regNumber=0373100084726000005"
"0373100084726000005","Оказание услуг предоставления доступа к облачной отказоустойчивой платформе для вычислений, хранения и обработки данных","ФЕДЕРАЛЬНОЕ ГОСУДАРСТВЕННОЕ БЮДЖЕТНОЕ УЧРЕЖДЕНИЕ ""ВСЕРОССИЙСКИЙ НАУЧНО-ИССЛЕДОВАТЕЛЬСКИЙ ИНСТИТУТ ТРУДА"" МИНИСТЕРСТВА ТРУДА И СОЦИАЛЬНОЙ ЗАЩИТЫ РОССИЙСКОЙ ФЕДЕРАЦИИ","16800000.00","44-ФЗ Электронный аукцион","no","Приложение 1 расчет_НМЦК","https://zakupki.gov.ru/44fz/filestore/public/1.0/download/priz/file.html?uid=5C6AA908CE7F48909DD8BB561F8F4899","","https://zakupki.gov.ru/epz/order/notice/ea20/view/documents.html?regNumber=0373100084726000005"
"0373100084726000005","Оказание услуг предоставления доступа к облачной отказоустойчивой платформе для вычислений, хранения и обработки данных","ФЕДЕРАЛЬНОЕ ГОСУДАРСТВЕННОЕ БЮДЖЕТНОЕ УЧРЕЖДЕНИЕ ""ВСЕРОССИЙСКИЙ НАУЧНО-ИССЛЕДОВАТЕЛЬСКИЙ ИНСТИТУТ ТРУДА"" МИНИСТЕРСТВА ТРУДА И СОЦИАЛЬНОЙ ЗАЩИТЫ РОССИЙСКОЙ ФЕДЕРАЦИИ","16800000.00","44-ФЗ Электронный аукцион","yes","Приложение 3 Описание объекта закупки","https://zakupki.gov.ru/44fz/filestore/public/1.0/download/priz/file.html?uid=280919AFA99C42F0BD8823257C2A5C19","","https://zakupki.gov.ru/epz/order/notice/ea20/view/documents.html?regNumber=0373100084726000005"
"0373100084726000005","Оказание услуг предоставления доступа к облачной отказоустойчивой платформе для вычислений, хранения и обработки данных","ФЕДЕРАЛЬНОЕ ГОСУДАРСТВЕННОЕ БЮДЖЕТНОЕ УЧРЕЖДЕНИЕ ""ВСЕРОССИЙСКИЙ НАУЧНО-ИССЛЕДОВАТЕЛЬСКИЙ ИНСТИТУТ ТРУДА"" МИНИСТЕРСТВА ТРУДА И СОЦИАЛЬНОЙ ЗАЩИТЫ РОССИЙСКОЙ ФЕДЕРАЦИИ","16800000.00","44-ФЗ Электронный аукцион","no","Приложение 2 Проект контракта","https://zakupki.gov.ru/44fz/filestore/public/1.0/download/priz/file.html?uid=716952FF282F4BC98828AF886873BF15","","https://zakupki.gov.ru/epz/order/notice/ea20/view/documents.html?regNumber=0373100084726000005"
"0373100084726000005","Оказание услуг предоставления доступа к облачной отказоустойчивой платформе для вычислений, хранения и обработки данных","ФЕДЕРАЛЬНОЕ ГОСУДАРСТВЕННОЕ БЮДЖЕТНОЕ УЧРЕЖДЕНИЕ ""ВСЕРОССИЙСКИЙ НАУЧНО-ИССЛЕДОВАТЕЛЬСКИЙ ИНСТИТУТ ТРУДА"" МИНИСТЕРСТВА ТРУДА И СОЦИАЛЬНОЙ ЗАЩИТЫ РОССИЙСКОЙ ФЕДЕРАЦИИ","16800000.00","44-ФЗ Электронный аукцион","no","Электронный документ, полученный из внешней системы","https://zakupki.gov.ru/44fz/filestore/public/1.0/download/priz/file.html?uid=AC6CC77EED91455C910F723C0CA3CFD4","","https://zakupki.gov.ru/epz/order/notice/ea20/view/documents.html?regNumber=0373100084726000005"
"0148200005425001025","Выполнение работ по развитию (модернизации) и оказание услуг по техническому сопровождению Государственной информационной системы Московской области «Терминал» (система учета и анализа данных в СМИ и социальных медиа)","КОМИТЕТ ПО КОНКУРЕНТНОЙ ПОЛИТИКЕ МОСКОВСКОЙ ОБЛАСТИ","155699999.31","44-ФЗ Открытый конкурс в электронной форме","no","Обоснование НМЦК","https://zakupki.gov.ru/44fz/filestore/public/1.0/download/priz/file.html?uid=9894696894604D5392DAC97E9651E444","","https://zakupki.gov.ru/epz/order/notice/ok20/view/documents.html?regNumber=0148200005425001025"
"0148200005425001025","Выполнение работ по развитию (модернизации) и оказание услуг по техническому сопровождению Государственной информационной системы Московской области «Терминал» (система учета и анализа данных в СМИ и социальных медиа)","КОМИТЕТ ПО КОНКУРЕНТНОЙ ПОЛИТИКЕ МОСКОВСКОЙ ОБЛАСТИ","155699999.31","44-ФЗ Открытый конкурс в электронной форме","no","Проект контракта, сост. 30.12.2025","https://zakupki.gov.ru/44fz/filestore/public/1.0/download/priz/file.html?uid=A19B2A898A7C414FA271EEF5E179038D","","https://zakupki.gov.ru/epz/order/notice/ok20/view/documents.html?regNumber=0148200005425001025"
"0148200005425001025","Выполнение работ по развитию (модернизации) и оказание услуг по техническому сопровождению Государственной информационной системы Московской области «Терминал» (система учета и анализа данных в СМИ и социальных медиа)","КОМИТЕТ ПО КОНКУРЕНТНОЙ ПОЛИТИКЕ МОСКОВСКОЙ ОБЛАСТИ","155699999.31","44-ФЗ Открытый конкурс в электронной форме","yes","2_Описание_объекта_закупки_новое_Итог+МВК+29.12.2025","https://zakupki.gov.ru/44fz/filestore/public/1.0/download/priz/file.html?uid=0D4B381A1A164B35AC1E53807A85CEFC","","https://zakupki.gov.ru/epz/order/notice/ok20/view/documents.html?regNumber=0148200005425001025"
"0148200005425001025","Выполнение работ по развитию (модернизации) и оказание услуг по техническому сопровождению Государственной информационной системы Московской области «Терминал» (система учета и анализа данных в СМИ и социальных медиа)","КОМИТЕТ ПО КОНКУРЕНТНОЙ ПОЛИТИКЕ МОСКОВСКОЙ ОБЛАСТИ","155699999.31","44-ФЗ Открытый конкурс в электронной форме","no","п.+4+Требование_к_содержанию_и_составу_заявки_услуги","https://zakupki.gov.ru/44fz/filestore/public/1.0/download/priz/file.html?uid=33851AC0FB5644E28E7EF2D6E09FE752","","https://zakupki.gov.ru/epz/order/notice/ok20/view/documents.html?regNumber=0148200005425001025"
"0148200005425001025","Выполнение работ по развитию (модернизации) и оказание услуг по техническому сопровождению Государственной информационной системы Московской области «Терминал» (система учета и анализа данных в СМИ и социальных медиа)","КОМИТЕТ ПО КОНКУРЕНТНОЙ ПОЛИТИКЕ МОСКОВСКОЙ ОБЛАСТИ","155699999.31","44-ФЗ Открытый конкурс в электронной форме","no","Приложение+к+проекту+контракта,+сост.+30.12.2025","https://zakupki.gov.ru/44fz/filestore/public/1.0/download/priz/file.html?uid=8988ACDCD24C4BB18306FAE531DA8803","","https://zakupki.gov.ru/epz/order/notice/ok20/view/documents.html?regNumber=0148200005425001025"
"0148200005425001025","Выполнение работ по развитию (модернизации) и оказание услуг по техническому сопровождению Государственной информационной системы Московской области «Терминал» (система учета и анализа данных в СМИ и социальных медиа)","КОМИТЕТ ПО КОНКУРЕНТНОЙ ПОЛИТИКЕ МОСКОВСКОЙ ОБЛАСТИ","155699999.31","44-ФЗ Открытый конкурс в электронной форме","no","Другое приложение, сост. 30.12.2025","https://zakupki.gov.ru/44fz/filestore/public/1.0/download/priz/file.html?uid=9AFCCE2C79EC4F7CA28F7C97A77A65C3","","https://zakupki.gov.ru/epz/order/notice/ok20/view/documents.html?regNumber=0148200005425001025"
"0148200005425001025","Выполнение работ по развитию (модернизации) и оказание услуг по техническому сопровождению Государственной информационной системы Московской области «Терминал» (система учета и анализа данных в СМИ и социальных медиа)","КОМИТЕТ ПО КОНКУРЕНТНОЙ ПОЛИТИКЕ МОСКОВСКОЙ ОБЛАСТИ","155699999.31","44-ФЗ Открытый конкурс в электронной форме","no","3 -Порядок рассмотрения +информационная+система 29.12.2025","https://zakupki.gov.ru/44fz/filestore/public/1.0/download/priz/file.html?uid=A010F8F2685E40FCB539119B0797C5BC","","https://zakupki.gov.ru/epz/order/notice/ok20/view/documents.html?regNumber=0148200005425001025"
"0148200005425001025","Выполнение работ по развитию (модернизации) и оказание услуг по техническому сопровождению Государственной информационной системы Московской области «Терминал» (система учета и анализа данных в СМИ и социальных медиа)","КОМИТЕТ ПО КОНКУРЕНТНОЙ ПОЛИТИКЕ МОСКОВСКОЙ ОБЛАСТИ","155699999.31","44-ФЗ Открытый конкурс в электронной форме","no","Электронный документ, полученный из внешней системы","https://zakupki.gov.ru/44fz/filestore/public/1.0/download/priz/file.html?uid=A4E7F2EB4F8244D98059078CE7CD68A2","","https://zakupki.gov.ru/epz/order/notice/ok20/view/documents.html?regNumber=0148200005425001025"
"32515527602","Поставка и внедрение в ООО «Севэнергосбыт» единой информационной системы ведения управленческого, бухгалтерского и налогового учета, зарплаты и управления персоналом - «1С: Комплексная автоматизация 2.5» с «1С: Зарплата и управление персоналом 8 ПРОФ», «1С: Распознавание первичных документов», базы под управлением PostgreeSQL","ОБЩЕСТВО С ОГРАНИЧЕННОЙ ОТВЕТСТВЕННОСТЬЮ ""СЕВЭНЕРГОСБЫТ""","6463733.73","223-ФЗ Запрос котировок в электронной форме, участниками которого могут быть только субъекты малого и среднего предпринимательства","no","Приложение №4 (обоснование НМЦ).xlsx","https://zakupki.gov.ru/223/filestore/public/1.0/download/fz223/file.html?uid=9C78B37FFA9B4B58990498B4262B5E58","","https://zakupki.gov.ru/epz/order/notice/notice223/documents.html?purchaseNoticeNumber=32515527602&noticeGuid=f358c435-81b2-4ddf-80c4-17a979749ba5"
"32515527602","Поставка и внедрение в ООО «Севэнергосбыт» единой информационной системы ведения управленческого, бухгалтерского и налогового учета, зарплаты и управления персоналом - «1С: Комплексная автоматизация 2.5» с «1С: Зарплата и управление персоналом 8 ПРОФ», «1С: Распознавание первичных документов», базы под управлением PostgreeSQL","ОБЩЕСТВО С ОГРАНИЧЕННОЙ ОТВЕТСТВЕННОСТЬЮ ""СЕВЭНЕРГОСБЫТ""","6463733.73","223-ФЗ Запрос котировок в электронной форме, участниками которого могут быть только субъекты малого и среднего предпринимательства","no","Приложение №2 Форма предложения о цене договора.docx","https://zakupki.gov.ru/223/filestore/public/1.0/download/fz223/file.html?uid=F2659B5625AB4BA8BF7289D26F62774F","","https://zakupki.gov.ru/epz/order/notice/notice223/documents.html?purchaseNoticeNumber=32515527602&noticeGuid=f358c435-81b2-4ddf-80c4-17a979749ba5"
"32515527602","Поставка и внедрение в ООО «Севэнергосбыт» единой информационной системы ведения управленческого, бухгалтерского и налогового учета, зарплаты и управления персоналом - «1С: Комплексная автоматизация 2.5» с «1С: Зарплата и управление персоналом 8 ПРОФ», «1С: Распознавание первичных документов», базы под управлением PostgreeSQL","ОБЩЕСТВО С ОГРАНИЧЕННОЙ ОТВЕТСТВЕННОСТЬЮ ""СЕВЭНЕРГОСБЫТ""","6463733.73","223-ФЗ Запрос котировок в электронной форме, участниками которого могут быть только субъекты малого и среднего предпринимательства","no","Извещение.docx","https://zakupki.gov.ru/223/filestore/public/1.0/download/fz223/file.html?uid=C948E25574D14532B125558A187E0631","","https://zakupki.gov.ru/epz/order/notice/notice223/documents.html?purchaseNoticeNumber=32515527602&noticeGuid=f358c435-81b2-4ddf-80c4-17a979749ba5"
"32515527602","Поставка и внедрение в ООО «Севэнергосбыт» единой информационной системы ведения управленческого, бухгалтерского и налогового учета, зарплаты и управления персоналом - «1С: Комплексная автоматизация 2.5» с «1С: Зарплата и управление персоналом 8 ПРОФ», «1С: Распознавание первичных документов», базы под управлением PostgreeSQL","ОБЩЕСТВО С ОГРАНИЧЕННОЙ ОТВЕТСТВЕННОСТЬЮ ""СЕВЭНЕРГОСБЫТ""","6463733.73","223-ФЗ Запрос котировок в электронной форме, участниками которого могут быть только субъекты малого и среднего предпринимательства","no","Приложение №3 (Проект договора).docx","https://zakupki.gov.ru/223/filestore/public/1.0/download/fz223/file.html?uid=FC45E9C615544691988D5FB6A50960DA","","https://zakupki.gov.ru/epz/order/notice/notice223/documents.html?purchaseNoticeNumber=32515527602&noticeGuid=f358c435-81b2-4ddf-80c4-17a979749ba5"
"32515527602","Поставка и внедрение в ООО «Севэнергосбыт» единой информационной системы ведения управленческого, бухгалтерского и налогового учета, зарплаты и управления персоналом - «1С: Комплексная автоматизация 2.5» с «1С: Зарплата и управление персоналом 8 ПРОФ», «1С: Распознавание первичных документов», базы под управлением PostgreeSQL","ОБЩЕСТВО С ОГРАНИЧЕННОЙ ОТВЕТСТВЕННОСТЬЮ ""СЕВЭНЕРГОСБЫТ""","6463733.73","223-ФЗ Запрос котировок в электронной форме, участниками которого могут быть только субъекты малого и среднего предпринимательства","yes","Приложение №1 Техническое задание.docx","https://zakupki.gov.ru/223/filestore/public/1.0/download/fz223/file.html?uid=267C768BB2A74705AC635393079E0FF0","","https://zakupki.gov.ru/epz/order/notice/notice223/documents.html?purchaseNoticeNumber=32515527602&noticeGuid=f358c435-81b2-4ddf-80c4-17a979749ba5"
"32515527602","Поставка и внедрение в ООО «Севэнергосбыт» единой информационной системы ведения управленческого, бухгалтерского и налогового учета, зарплаты и управления персоналом - «1С: Комплексная автоматизация 2.5» с «1С: Зарплата и управление персоналом 8 ПРОФ», «1С: Распознавание первичных документов», базы под управлением PostgreeSQL","ОБЩЕСТВО С ОГРАНИЧЕННОЙ ОТВЕТСТВЕННОСТЬЮ ""СЕВЭНЕРГОСБЫТ""","6463733.73","223-ФЗ Запрос котировок в электронной форме, участниками которого могут быть только субъекты малого и среднего предпринимательства","no","Приложение №2 Форма предложения о цене договора_ 2 ред.docx","https://zakupki.gov.ru/223/filestore/public/1.0/download/fz223/file.html?uid=63FD36E5012640CEB9A664FA5F888E3D","","https://zakupki.gov.ru/epz/order/notice/notice223/documents.html?purchaseNoticeNumber=32515527602&noticeGuid=f358c435-81b2-4ddf-80c4-17a979749ba5"
"32515527602","Поставка и внедрение в ООО «Севэнергосбыт» единой информационной системы ведения управленческого, бухгалтерского и налогового учета, зарплаты и управления персоналом - «1С: Комплексная автоматизация 2.5» с «1С: Зарплата и управление персоналом 8 ПРОФ», «1С: Распознавание первичных документов», базы под управлением PostgreeSQL","ОБЩЕСТВО С ОГРАНИЧЕННОЙ ОТВЕТСТВЕННОСТЬЮ ""СЕВЭНЕРГОСБЫТ""","6463733.73","223-ФЗ Запрос котировок в электронной форме, участниками которого могут быть только субъекты малого и среднего предпринимательства","no","Приложение №3 (Проект договора)_2 ред..docx","https://zakupki.gov.ru/223/filestore/public/1.0/download/fz223/file.html?uid=F012666749634133B5D1C527EE3E9C55","","https://zakupki.gov.ru/epz/order/notice/notice223/documents.html?purchaseNoticeNumber=32515527602&noticeGuid=f358c435-81b2-4ddf-80c4-17a979749ba5"
"32515527602","Поставка и внедрение в ООО «Севэнергосбыт» единой информационной системы ведения управленческого, бухгалтерского и налогового учета, зарплаты и управления персоналом - «1С: Комплексная автоматизация 2.5» с «1С: Зарплата и управление персоналом 8 ПРОФ», «1С: Распознавание первичных документов», базы под управлением PostgreeSQL","ОБЩЕСТВО С ОГРАНИЧЕННОЙ ОТВЕТСТВЕННОСТЬЮ ""СЕВЭНЕРГОСБЫТ""","6463733.73","223-ФЗ Запрос котировок в электронной форме, участниками которого могут быть только субъекты малого и среднего предпринимательства","no","Перечень внесенных изменений.docx","https://zakupki.gov.ru/223/filestore/public/1.0/download/fz223/file.html?uid=CA47E741BCAE4262954A37F61298F731","","https://zakupki.gov.ru/epz/order/notice/notice223/documents.html?purchaseNoticeNumber=32515527602&noticeGuid=f358c435-81b2-4ddf-80c4-17a979749ba5"
"32515527602","Поставка и внедрение в ООО «Севэнергосбыт» единой информационной системы ведения управленческого, бухгалтерского и налогового учета, зарплаты и управления персоналом - «1С: Комплексная автоматизация 2.5» с «1С: Зарплата и управление персоналом 8 ПРОФ», «1С: Распознавание первичных документов», базы под управлением PostgreeSQL","ОБЩЕСТВО С ОГРАНИЧЕННОЙ ОТВЕТСТВЕННОСТЬЮ ""СЕВЭНЕРГОСБЫТ""","6463733.73","223-ФЗ Запрос котировок в электронной форме, участниками которого могут быть только субъекты малого и среднего предпринимательства","no","Приложение №4 (обоснование НМЦ).xlsx","https://zakupki.gov.ru/223/filestore/public/1.0/download/fz223/file.html?uid=83879233A41C45969764515F511075B1","","https://zakupki.gov.ru/epz/order/notice/notice223/documents.html?purchaseNoticeNumber=32515527602&noticeGuid=f358c435-81b2-4ddf-80c4-17a979749ba5"
"32515527602","Поставка и внедрение в ООО «Севэнергосбыт» единой информационной системы ведения управленческого, бухгалтерского и налогового учета, зарплаты и управления персоналом - «1С: Комплексная автоматизация 2.5» с «1С: Зарплата и управление персоналом 8 ПРОФ», «1С: Распознавание первичных документов», базы под управлением PostgreeSQL","ОБЩЕСТВО С ОГРАНИЧЕННОЙ ОТВЕТСТВЕННОСТЬЮ ""СЕВЭНЕРГОСБЫТ""","6463733.73","223-ФЗ Запрос котировок в электронной форме, участниками которого могут быть только субъекты малого и среднего предпринимательства","no","Извещение.docx","https://zakupki.gov.ru/223/filestore/public/1.0/download/fz223/file.html?uid=5E1F8ADEC7D34C619D5438F2C4A964F3","","https://zakupki.gov.ru/epz/order/notice/notice223/documents.html?purchaseNoticeNumber=32515527602&noticeGuid=f358c435-81b2-4ddf-80c4-17a979749ba5"
"32515527602","Поставка и внедрение в ООО «Севэнергосбыт» единой информационной системы ведения управленческого, бухгалтерского и налогового учета, зарплаты и управления персоналом - «1С: Комплексная автоматизация 2.5» с «1С: Зарплата и управление персоналом 8 ПРОФ», «1С: Распознавание первичных документов», базы под управлением PostgreeSQL","ОБЩЕСТВО С ОГРАНИЧЕННОЙ ОТВЕТСТВЕННОСТЬЮ ""СЕВЭНЕРГОСБЫТ""","6463733.73","223-ФЗ Запрос котировок в электронной форме, участниками которого могут быть только субъекты малого и среднего предпринимательства","yes","Приложение №1 Техническое задание_2 ред.docx","https://zakupki.gov.ru/223/filestore/public/1.0/download/fz223/file.html?uid=9EDFDA4C59E84B608860119DD8A4DD28","","https://zakupki.gov.ru/epz/order/notice/notice223/documents.html?purchaseNoticeNumber=32515527602&noticeGuid=f358c435-81b2-4ddf-80c4-17a979749ba5"
"32515527602","Поставка и внедрение в ООО «Севэнергосбыт» единой информационной системы ведения управленческого, бухгалтерского и налогового учета, зарплаты и управления персоналом - «1С: Комплексная автоматизация 2.5» с «1С: Зарплата и управление персоналом 8 ПРОФ», «1С: Распознавание первичных документов», базы под управлением PostgreeSQL","ОБЩЕСТВО С ОГРАНИЧЕННОЙ ОТВЕТСТВЕННОСТЬЮ ""СЕВЭНЕРГОСБЫТ""","6463733.73","223-ФЗ Запрос котировок в электронной форме, участниками которого могут быть только субъекты малого и среднего предпринимательства","no","Ответ на запрос.docx","https://zakupki.gov.ru/223/filestore/public/1.0/download/fz223/file.html?uid=3D0952A843B1474592F1A3E7B0904FDE","","https://zakupki.gov.ru/epz/order/notice/notice223/documents.html?purchaseNoticeNumber=32515527602&noticeGuid=f358c435-81b2-4ddf-80c4-17a979749ba5"
"32515527602","Поставка и внедрение в ООО «Севэнергосбыт» единой информационной системы ведения управленческого, бухгалтерского и налогового учета, зарплаты и управления персоналом - «1С: Комплексная автоматизация 2.5» с «1С: Зарплата и управление персоналом 8 ПРОФ», «1С: Распознавание первичных документов», базы под управлением PostgreeSQL","ОБЩЕСТВО С ОГРАНИЧЕННОЙ ОТВЕТСТВЕННОСТЬЮ ""СЕВЭНЕРГОСБЫТ""","6463733.73","223-ФЗ Запрос котировок в электронной форме, участниками которого могут быть только субъекты малого и среднего предпринимательства","no","Протокол № 3722297 от 19.12.2025 Итоговый 1С_.docx","https://zakupki.gov.ru/223/filestore/public/1.0/download/fz223/file.html?uid=455812763AE64F8E8255D6E27A65022A","","https://zakupki.gov.ru/epz/order/notice/notice223/documents.html?purchaseNoticeNumber=32515527602&noticeGuid=f358c435-81b2-4ddf-80c4-17a979749ba5"
"32515527602","Поставка и внедрение в ООО «Севэнергосбыт» единой информационной системы ведения управленческого, бухгалтерского и налогового учета, зарплаты и управления персоналом - «1С: Комплексная автоматизация 2.5» с «1С: Зарплата и управление персоналом 8 ПРОФ», «1С: Распознавание первичных документов», базы под управлением PostgreeSQL","ОБЩЕСТВО С ОГРАНИЧЕННОЙ ОТВЕТСТВЕННОСТЬЮ ""СЕВЭНЕРГОСБЫТ""","6463733.73","223-ФЗ Запрос котировок в электронной форме, участниками которого могут быть только субъекты малого и среднего предпринимательства","no","Протокол № 3722297 от 19.12.2025 Итоговый 1С_.pdf","https://zakupki.gov.ru/223/filestore/public/1.0/download/fz223/file.html?uid=2BDCBA72FE43462C88AC123F0821FA7F","","https://zakupki.gov.ru/epz/order/notice/notice223/documents.html?purchaseNoticeNumber=32515527602&noticeGuid=f358c435-81b2-4ddf-80c4-17a979749ba5"
"0373100016225000054","оказание услуг предоставления доступа к Облачной платформе, технической поддержки облачной платформы и системного ландшафта Заказчика, а также на услуги миграции","ФЕДЕРАЛЬНОЕ ГОСУДАРСТВЕННОЕ БЮДЖЕТНОЕ НАУЧНОЕ УЧРЕЖДЕНИЕ ""ИНСТИТУТ СОДЕРЖАНИЯ И МЕТОДОВ ОБУЧЕНИЯ ИМЕНИ В.С. ЛЕДНЕВА""","1500000.00","44-ФЗ Запрос котировок в электронной форме","no","1. Расчет_НМЦК","https://zakupki.gov.ru/44fz/filestore/public/1.0/download/priz/file.html?uid=BA90D253C96D4C388BB9BA7A430E40E7","","https://zakupki.gov.ru/epz/order/notice/zk20/view/documents.html?regNumber=0373100016225000054"
"0373100016225000054","оказание услуг предоставления доступа к Облачной платформе, технической поддержки облачной платформы и системного ландшафта Заказчика, а также на услуги миграции","ФЕДЕРАЛЬНОЕ ГОСУДАРСТВЕННОЕ БЮДЖЕТНОЕ НАУЧНОЕ УЧРЕЖДЕНИЕ ""ИНСТИТУТ СОДЕРЖАНИЯ И МЕТОДОВ ОБУЧЕНИЯ ИМЕНИ В.С. ЛЕДНЕВА""","1500000.00","44-ФЗ Запрос котировок в электронной форме","no","1.1 Расчет_НМЦК","https://zakupki.gov.ru/44fz/filestore/public/1.0/download/priz/file.html?uid=20D40DADDBE8484A8E2158BF92791F47","","https://zakupki.gov.ru/epz/order/notice/zk20/view/documents.html?regNumber=0373100016225000054"
"0373100016225000054","оказание услуг предоставления доступа к Облачной платформе, технической поддержки облачной платформы и системного ландшафта Заказчика, а также на услуги миграции","ФЕДЕРАЛЬНОЕ ГОСУДАРСТВЕННОЕ БЮДЖЕТНОЕ НАУЧНОЕ УЧРЕЖДЕНИЕ ""ИНСТИТУТ СОДЕРЖАНИЯ И МЕТОДОВ ОБУЧЕНИЯ ИМЕНИ В.С. ЛЕДНЕВА""","1500000.00","44-ФЗ Запрос котировок в электронной форме","no","2. Проект контракта","https://zakupki.gov.ru/44fz/filestore/public/1.0/download/priz/file.html?uid=168C3333E0AE46D7A0251F7CBA20F757","","https://zakupki.gov.ru/epz/order/notice/zk20/view/documents.html?regNumber=0373100016225000054"
"0373100016225000054","оказание услуг предоставления доступа к Облачной платформе, технической поддержки облачной платформы и системного ландшафта Заказчика, а также на услуги миграции","ФЕДЕРАЛЬНОЕ ГОСУДАРСТВЕННОЕ БЮДЖЕТНОЕ НАУЧНОЕ УЧРЕЖДЕНИЕ ""ИНСТИТУТ СОДЕРЖАНИЯ И МЕТОДОВ ОБУЧЕНИЯ ИМЕНИ В.С. ЛЕДНЕВА""","1500000.00","44-ФЗ Запрос котировок в электронной форме","yes","3. Описание объекта закупки","https://zakupki.gov.ru/44fz/filestore/public/1.0/download/priz/file.html?uid=E5CE48FA223E4F9A8757A6BEC824AFA9","","https://zakupki.gov.ru/epz/order/notice/zk20/view/documents.html?regNumber=0373100016225000054"
"0373100016225000054","оказание услуг предоставления доступа к Облачной платформе, технической поддержки облачной платформы и системного ландшафта Заказчика, а также на услуги миграции","ФЕДЕРАЛЬНОЕ ГОСУДАРСТВЕННОЕ БЮДЖЕТНОЕ НАУЧНОЕ УЧРЕЖДЕНИЕ ""ИНСТИТУТ СОДЕРЖАНИЯ И МЕТОДОВ ОБУЧЕНИЯ ИМЕНИ В.С. ЛЕДНЕВА""","1500000.00","44-ФЗ Запрос котировок в электронной форме","no","4. Содержание заявки","https://zakupki.gov.ru/44fz/filestore/public/1.0/download/priz/file.html?uid=0D334724938E4B8B9CE8249D9C0F04F0","","https://zakupki.gov.ru/epz/order/notice/zk20/view/documents.html?regNumber=0373100016225000054"
"0373100016225000054","оказание услуг предоставления доступа к Облачной платформе, технической поддержки облачной платформы и системного ландшафта Заказчика, а также на услуги миграции","ФЕДЕРАЛЬНОЕ ГОСУДАРСТВЕННОЕ БЮДЖЕТНОЕ НАУЧНОЕ УЧРЕЖДЕНИЕ ""ИНСТИТУТ СОДЕРЖАНИЯ И МЕТОДОВ ОБУЧЕНИЯ ИМЕНИ В.С. ЛЕДНЕВА""","1500000.00","44-ФЗ Запрос котировок в электронной форме","no","Электронный документ, полученный из внешней системы","https://zakupki.gov.ru/44fz/filestore/public/1.0/download/priz/file.html?uid=4DE9763CF4A04AABB44A7F0B61E58BA6","","https://zakupki.gov.ru/epz/order/notice/zk20/view/documents.html?regNumber=0373100016225000054"
"0373100028825000047","Оказание услуг по размещению и депозитарному хранению, обработке бумажного архива и, в случае необходимости, ретроконверсии и размещению электронных копий документов в электронном архиве РЦНИ","ФЕДЕРАЛЬНОЕ ГОСУДАРСТВЕННОЕ БЮДЖЕТНОЕ УЧРЕЖДЕНИЕ ""РОССИЙСКИЙ ЦЕНТР НАУЧНОЙ ИНФОРМАЦИИ""","3500000.00","44-ФЗ Электронный аукцион","no","Обоснование НМЦК 089","https://zakupki.gov.ru/44fz/filestore/public/1.0/download/priz/file.html?uid=125F88D2EA3B4BD5892F841498DADD14","","https://zakupki.gov.ru/epz/order/notice/ea20/view/documents.html?regNumber=0373100028825000047"
"0373100028825000047","Оказание услуг по размещению и депозитарному хранению, обработке бумажного архива и, в случае необходимости, ретроконверсии и размещению электронных копий документов в электронном архиве РЦНИ","ФЕДЕРАЛЬНОЕ ГОСУДАРСТВЕННОЕ БЮДЖЕТНОЕ УЧРЕЖДЕНИЕ ""РОССИЙСКИЙ ЦЕНТР НАУЧНОЙ ИНФОРМАЦИИ""","3500000.00","44-ФЗ Электронный аукцион","no","Проект контракта услуги 089","https://zakupki.gov.ru/44fz/filestore/public/1.0/download/priz/file.html?uid=97909CCB49474999B2281CE63CF73BED","","https://zakupki.gov.ru/epz/order/notice/ea20/view/documents.html?regNumber=0373100028825000047"
"0373100028825000047","Оказание услуг по размещению и депозитарному хранению, обработке бумажного архива и, в случае необходимости, ретроконверсии и размещению электронных копий документов в электронном архиве РЦНИ","ФЕДЕРАЛЬНОЕ ГОСУДАРСТВЕННОЕ БЮДЖЕТНОЕ УЧРЕЖДЕНИЕ ""РОССИЙСКИЙ ЦЕНТР НАУЧНОЙ ИНФОРМАЦИИ""","3500000.00","44-ФЗ Электронный аукцион","yes","Техническое задание 089","https://zakupki.gov.ru/44fz/filestore/public/1.0/download/priz/file.html?uid=67B9EA8C55A54E419E322E5D116C19EA","","https://zakupki.gov.ru/epz/order/notice/ea20/view/documents.html?regNumber=0373100028825000047"
"0373100028825000047","Оказание услуг по размещению и депозитарному хранению, обработке бумажного архива и, в случае необходимости, ретроконверсии и размещению электронных копий документов в электронном архиве РЦНИ","ФЕДЕРАЛЬНОЕ ГОСУДАРСТВЕННОЕ БЮДЖЕТНОЕ УЧРЕЖДЕНИЕ ""РОССИЙСКИЙ ЦЕНТР НАУЧНОЙ ИНФОРМАЦИИ""","3500000.00","44-ФЗ Электронный аукцион","no","Требования к содержанию, составу заявки 089","https://zakupki.gov.ru/44fz/filestore/public/1.0/download/priz/file.html?uid=BCC74357C6EF4E5697D232EE5C8504F5","","https://zakupki.gov.ru/epz/order/notice/ea20/view/documents.html?regNumber=0373100028825000047"
"0373100028825000047","Оказание услуг по размещению и депозитарному хранению, обработке бумажного архива и, в случае необходимости, ретроконверсии и размещению электронных копий документов в электронном архиве РЦНИ","ФЕДЕРАЛЬНОЕ ГОСУДАРСТВЕННОЕ БЮДЖЕТНОЕ УЧРЕЖДЕНИЕ ""РОССИЙСКИЙ ЦЕНТР НАУЧНОЙ ИНФОРМАЦИИ""","3500000.00","44-ФЗ Электронный аукцион","no","Извещение 089","https://zakupki.gov.ru/44fz/filestore/public/1.0/download/priz/file.html?uid=CC1522E94E094777B291DEF7B65CF19E","","https://zakupki.gov.ru/epz/order/notice/ea20/view/documents.html?regNumber=0373100028825000047"
"0373100028825000047","Оказание услуг по размещению и депозитарному хранению, обработке бумажного архива и, в случае необходимости, ретроконверсии и размещению электронных копий документов в электронном архиве РЦНИ","ФЕДЕРАЛЬНОЕ ГОСУДАРСТВЕННОЕ БЮДЖЕТНОЕ УЧРЕЖДЕНИЕ ""РОССИЙСКИЙ ЦЕНТР НАУЧНОЙ ИНФОРМАЦИИ""","3500000.00","44-ФЗ Электронный аукцион","no","Электронный документ, полученный из внешней системы","https://zakupki.gov.ru/44fz/filestore/public/1.0/download/priz/file.html?uid=60DA8C6696754BE5ADA21ED2669BFD7B","","https://zakupki.gov.ru/epz/order/notice/ea20/view/documents.html?regNumber=0373100028825000047"
"0372200180326000006","Поставка неисключительных прав на использование программного обеспечения для работы с PDF-документами и распознавания текста ContentReader PDF 16 Business 11-25 Concurrent для нужд СПб ГБУК «Музей-институт семьи Рерихов","САНКТ-ПЕТЕРБУРГСКОЕ ГОСУДАРСТВЕННОЕ БЮДЖЕТНОЕ УЧРЕЖДЕНИЕ КУЛЬТУРЫ ""МУЗЕЙ-ИНСТИТУТ СЕМЬИ РЕРИХОВ""","217030.00","44-ФЗ Электронный аукцион","no","НМЦК[9].docx","https://zakupki.gov.ru/44fz/filestore/public/1.0/download/priz/file.html?uid=8C6DE422B7B5438E8C3757F0F3D07C7D","","https://zakupki.gov.ru/epz/order/notice/ea20/view/documents.html?regNumber=0372200180326000006"
"0372200180326000006","Поставка неисключительных прав на использование программного обеспечения для работы с PDF-документами и распознавания текста ContentReader PDF 16 Business 11-25 Concurrent для нужд СПб ГБУК «Музей-институт семьи Рерихов","САНКТ-ПЕТЕРБУРГСКОЕ ГОСУДАРСТВЕННОЕ БЮДЖЕТНОЕ УЧРЕЖДЕНИЕ КУЛЬТУРЫ ""МУЗЕЙ-ИНСТИТУТ СЕМЬИ РЕРИХОВ""","217030.00","44-ФЗ Электронный аукцион","no","ПРОЕКТ_КОНТРАКТА[2].docx","https://zakupki.gov.ru/44fz/filestore/public/1.0/download/priz/file.html?uid=6753AB5932B0461799B68B162FC95FFF","","https://zakupki.gov.ru/epz/order/notice/ea20/view/documents.html?regNumber=0372200180326000006"
"0372200180326000006","Поставка неисключительных прав на использование программного обеспечения для работы с PDF-документами и распознавания текста ContentReader PDF 16 Business 11-25 Concurrent для нужд СПб ГБУК «Музей-институт семьи Рерихов","САНКТ-ПЕТЕРБУРГСКОЕ ГОСУДАРСТВЕННОЕ БЮДЖЕТНОЕ УЧРЕЖДЕНИЕ КУЛЬТУРЫ ""МУЗЕЙ-ИНСТИТУТ СЕМЬИ РЕРИХОВ""","217030.00","44-ФЗ Электронный аукцион","yes","Техзадание_КонтентРидер_2026_(1)___.docx","https://zakupki.gov.ru/44fz/filestore/public/1.0/download/priz/file.html?uid=1EE5F3A7C11A420FA59663C4B2892E15","","https://zakupki.gov.ru/epz/order/notice/ea20/view/documents.html?regNumber=0372200180326000006"
"0372200180326000006","Поставка неисключительных прав на использование программного обеспечения для работы с PDF-документами и распознавания текста ContentReader PDF 16 Business 11-25 Concurrent для нужд СПб ГБУК «Музей-институт семьи Рерихов","САНКТ-ПЕТЕРБУРГСКОЕ ГОСУДАРСТВЕННОЕ БЮДЖЕТНОЕ УЧРЕЖДЕНИЕ КУЛЬТУРЫ ""МУЗЕЙ-ИНСТИТУТ СЕМЬИ РЕРИХОВ""","217030.00","44-ФЗ Электронный аукцион","no","Приложение_3_Требования_к_заявке[3].docx","https://zakupki.gov.ru/44fz/filestore/public/1.0/download/priz/file.html?uid=10743F875873448A9133C8083D617984","","https://zakupki.gov.ru/epz/order/notice/ea20/view/documents.html?regNumber=0372200180326000006"
"0372200180326000006","Поставка неисключительных прав на использование программного обеспечения для работы с PDF-документами и распознавания текста ContentReader PDF 16 Business 11-25 Concurrent для нужд СПб ГБУК «Музей-институт семьи Рерихов","САНКТ-ПЕТЕРБУРГСКОЕ ГОСУДАРСТВЕННОЕ БЮДЖЕТНОЕ УЧРЕЖДЕНИЕ КУЛЬТУРЫ ""МУЗЕЙ-ИНСТИТУТ СЕМЬИ РЕРИХОВ""","217030.00","44-ФЗ Электронный аукцион","no","Уведомление о прохождении контроля","https://zakupki.gov.ru/44fz/filestore/public/1.0/download/priz/file.html?uid=C4F651D6972B451CAFE06E4F46BB9C5C","","https://zakupki.gov.ru/epz/order/notice/ea20/view/documents.html?regNumber=0372200180326000006"
"0372200180326000006","Поставка неисключительных прав на использование программного обеспечения для работы с PDF-документами и распознавания текста ContentReader PDF 16 Business 11-25 Concurrent для нужд СПб ГБУК «Музей-институт семьи Рерихов","САНКТ-ПЕТЕРБУРГСКОЕ ГОСУДАРСТВЕННОЕ БЮДЖЕТНОЕ УЧРЕЖДЕНИЕ КУЛЬТУРЫ ""МУЗЕЙ-ИНСТИТУТ СЕМЬИ РЕРИХОВ""","217030.00","44-ФЗ Электронный аукцион","no","Электронный документ, полученный из внешней системы","https://zakupki.gov.ru/44fz/filestore/public/1.0/download/priz/file.html?uid=8BB3F3EB977C4DC58388BC90D5723CC5","","https://zakupki.gov.ru/epz/order/notice/ea20/view/documents.html?regNumber=0372200180326000006"
"0372200180326000006","Поставка неисключительных прав на использование программного обеспечения для работы с PDF-документами и распознавания текста ContentReader PDF 16 Business 11-25 Concurrent для нужд СПб ГБУК «Музей-институт семьи Рерихов","САНКТ-ПЕТЕРБУРГСКОЕ ГОСУДАРСТВЕННОЕ БЮДЖЕТНОЕ УЧРЕЖДЕНИЕ КУЛЬТУРЫ ""МУЗЕЙ-ИНСТИТУТ СЕМЬИ РЕРИХОВ""","217030.00","44-ФЗ Электронный аукцион","no","Электронный документ, полученный из внешней системы","https://zakupki.gov.ru/44fz/filestore/public/1.0/download/priz/file.html?uid=74E324B4B8314054B825F979A79B46FE","","https://zakupki.gov.ru/epz/order/notice/ea20/view/documents.html?regNumber=0372200180326000006"
"32615878966","Оказание услуги по обновлению модуля «Модуль сверки данных документов на основе распознавания их электронных образов» автоматизированной информационной системы краевого государственного автономного учреждения Приморского края «Многофункциональный центр предоставления государственных и муниципальных услуг в Приморском крае» и разработке функционала двухфакторной верификации заявителя при работе с заявлениями по услуге ЕСИА","КРАЕВОЕ ГОСУДАРСТВЕННОЕ АВТОНОМНОЕ УЧРЕЖДЕНИЕ ПРИМОРСКОГО КРАЯ ""МНОГОФУНКЦИОНАЛЬНЫЙ ЦЕНТР ПРЕДОСТАВЛЕНИЯ ГОСУДАРСТВЕННЫХ И МУНИЦИПАЛЬНЫХ УСЛУГ В ПРИМОРСКОМ КРАЕ""","950000.00","223-ФЗ Запрос предложений в электронной форме, участниками которого могут быть только субъекты малого и среднего предпринимательства","no","проект договора услуга по обновлению модуля.docx","https://zakupki.gov.ru/223/filestore/public/1.0/download/fz223/file.html?uid=97FA2DB78906420A9F7A836135ED5598","","https://zakupki.gov.ru/epz/order/notice/notice223/documents.html?purchaseNoticeNumber=32615878966&noticeGuid=b28ebfb5-0907-4b61-bd4a-9fc0e611fd78"
"32615878966","Оказание услуги по обновлению модуля «Модуль сверки данных документов на основе распознавания их электронных образов» автоматизированной информационной системы краевого государственного автономного учреждения Приморского края «Многофункциональный центр предоставления государственных и муниципальных услуг в Приморском крае» и разработке функционала двухфакторной верификации заявителя при работе с заявлениями по услуге ЕСИА","КРАЕВОЕ ГОСУДАРСТВЕННОЕ АВТОНОМНОЕ УЧРЕЖДЕНИЕ ПРИМОРСКОГО КРАЯ ""МНОГОФУНКЦИОНАЛЬНЫЙ ЦЕНТР ПРЕДОСТАВЛЕНИЯ ГОСУДАРСТВЕННЫХ И МУНИЦИПАЛЬНЫХ УСЛУГ В ПРИМОРСКОМ КРАЕ""","950000.00","223-ФЗ Запрос предложений в электронной форме, участниками которого могут быть только субъекты малого и среднего предпринимательства","no","Документация_.docx","https://zakupki.gov.ru/223/filestore/public/1.0/download/fz223/file.html?uid=3C925CE100F245DF8AFF7618CA406641","","https://zakupki.gov.ru/epz/order/notice/notice223/documents.html?purchaseNoticeNumber=32615878966&noticeGuid=b28ebfb5-0907-4b61-bd4a-9fc0e611fd78"
"32615878966","Оказание услуги по обновлению модуля «Модуль сверки данных документов на основе распознавания их электронных образов» автоматизированной информационной системы краевого государственного автономного учреждения Приморского края «Многофункциональный центр предоставления государственных и муниципальных услуг в Приморском крае» и разработке функционала двухфакторной верификации заявителя при работе с заявлениями по услуге ЕСИА","КРАЕВОЕ ГОСУДАРСТВЕННОЕ АВТОНОМНОЕ УЧРЕЖДЕНИЕ ПРИМОРСКОГО КРАЯ ""МНОГОФУНКЦИОНАЛЬНЫЙ ЦЕНТР ПРЕДОСТАВЛЕНИЯ ГОСУДАРСТВЕННЫХ И МУНИЦИПАЛЬНЫХ УСЛУГ В ПРИМОРСКОМ КРАЕ""","950000.00","223-ФЗ Запрос предложений в электронной форме, участниками которого могут быть только субъекты малого и среднего предпринимательства","no","Документация_.docx","https://zakupki.gov.ru/223/filestore/public/1.0/download/fz223/file.html?uid=3397DE95744948A580B193F6202D5642","","https://zakupki.gov.ru/epz/order/notice/notice223/documents.html?purchaseNoticeNumber=32615878966&noticeGuid=b28ebfb5-0907-4b61-bd4a-9fc0e611fd78"
"32615878966","Оказание услуги по обновлению модуля «Модуль сверки данных документов на основе распознавания их электронных образов» автоматизированной информационной системы краевого государственного автономного учреждения Приморского края «Многофункциональный центр предоставления государственных и муниципальных услуг в Приморском крае» и разработке функционала двухфакторной верификации заявителя при работе с заявлениями по услуге ЕСИА","КРАЕВОЕ ГОСУДАРСТВЕННОЕ АВТОНОМНОЕ УЧРЕЖДЕНИЕ ПРИМОРСКОГО КРАЯ ""МНОГОФУНКЦИОНАЛЬНЫЙ ЦЕНТР ПРЕДОСТАВЛЕНИЯ ГОСУДАРСТВЕННЫХ И МУНИЦИПАЛЬНЫХ УСЛУГ В ПРИМОРСКОМ КРАЕ""","950000.00","223-ФЗ Запрос предложений в электронной форме, участниками которого могут быть только субъекты малого и среднего предпринимательства","no","Протокол итогов.docx","https://zakupki.gov.ru/223/filestore/public/1.0/download/fz223/file.html?uid=73381782FAE94F7F9ABAE9885CAF2D20","","https://zakupki.gov.ru/epz/order/notice/notice223/documents.html?purchaseNoticeNumber=32615878966&noticeGuid=b28ebfb5-0907-4b61-bd4a-9fc0e611fd78"
"32615878966","Оказание услуги по обновлению модуля «Модуль сверки данных документов на основе распознавания их электронных образов» автоматизированной информационной системы краевого государственного автономного учреждения Приморского края «Многофункциональный центр предоставления государственных и муниципальных услуг в Приморском крае» и разработке функционала двухфакторной верификации заявителя при работе с заявлениями по услуге ЕСИА","КРАЕВОЕ ГОСУДАРСТВЕННОЕ АВТОНОМНОЕ УЧРЕЖДЕНИЕ ПРИМОРСКОГО КРАЯ ""МНОГОФУНКЦИОНАЛЬНЫЙ ЦЕНТР ПРЕДОСТАВЛЕНИЯ ГОСУДАРСТВЕННЫХ И МУНИЦИПАЛЬНЫХ УСЛУГ В ПРИМОРСКОМ КРАЕ""","950000.00","223-ФЗ Запрос предложений в электронной форме, участниками которого могут быть только субъекты малого и среднего предпринимательства","no","Протокол рассмотрения заявок (1).docx","https://zakupki.gov.ru/223/filestore/public/1.0/download/fz223/file.html?uid=B5AFD237319D4C05925EE7877BDD0D0F","","https://zakupki.gov.ru/epz/order/notice/notice223/documents.html?purchaseNoticeNumber=32615878966&noticeGuid=b28ebfb5-0907-4b61-bd4a-9fc0e611fd78"
"32615878966","Оказание услуги по обновлению модуля «Модуль сверки данных документов на основе распознавания их электронных образов» автоматизированной информационной системы краевого государственного автономного учреждения Приморского края «Многофункциональный центр предоставления государственных и муниципальных услуг в Приморском крае» и разработке функционала двухфакторной верификации заявителя при работе с заявлениями по услуге ЕСИА","КРАЕВОЕ ГОСУДАРСТВЕННОЕ АВТОНОМНОЕ УЧРЕЖДЕНИЕ ПРИМОРСКОГО КРАЯ ""МНОГОФУНКЦИОНАЛЬНЫЙ ЦЕНТР ПРЕДОСТАВЛЕНИЯ ГОСУДАРСТВЕННЫХ И МУНИЦИПАЛЬНЫХ УСЛУГ В ПРИМОРСКОМ КРАЕ""","950000.00","223-ФЗ Запрос предложений в электронной форме, участниками которого могут быть только субъекты малого и среднего предпринимательства","no","32615878966 Протокол рассмотрения первых частей заявок лот №1.docx","https://zakupki.gov.ru/223/filestore/public/1.0/download/fz223/file.html?uid=6BE9A54ECB0841FFA51B00E827212245","","https://zakupki.gov.ru/epz/order/notice/notice223/documents.html?purchaseNoticeNumber=32615878966&noticeGuid=b28ebfb5-0907-4b61-bd4a-9fc0e611fd78"
"32615866713","Оказание услуг по техническому сопровождению и развитию amoCRM и Sipuni","ГОСУДАРСТВЕННОЕ АВТОНОМНОЕ УЧРЕЖДЕНИЕ ЗДРАВООХРАНЕНИЯ СВЕРДЛОВСКОЙ ОБЛАСТИ ""ОБЛАСТНОЙ СПЕЦИАЛИЗИРОВАННЫЙ ЦЕНТР МЕДИЦИНСКОЙ РЕАБИЛИТАЦИИ ""САНАТОРИЙ ""ОБУХОВСКИЙ""","810000.00","223-ФЗ Иной способ","no","Протокол","https://zakupki.gov.ru/223/filestore/public/1.0/download/fz223/file.html?uid=C954A8B3CAE54BEE91F36A67A4E5BE1B","","https://zakupki.gov.ru/epz/order/notice/notice223/documents.html?purchaseNoticeNumber=32615866713&noticeGuid=982cccb4-b388-4edc-b943-a092fd691dc9"
"32615866713","Оказание услуг по техническому сопровождению и развитию amoCRM и Sipuni","ГОСУДАРСТВЕННОЕ АВТОНОМНОЕ УЧРЕЖДЕНИЕ ЗДРАВООХРАНЕНИЯ СВЕРДЛОВСКОЙ ОБЛАСТИ ""ОБЛАСТНОЙ СПЕЦИАЛИЗИРОВАННЫЙ ЦЕНТР МЕДИЦИНСКОЙ РЕАБИЛИТАЦИИ ""САНАТОРИЙ ""ОБУХОВСКИЙ""","810000.00","223-ФЗ Иной способ","no","Извещение и документация","https://zakupki.gov.ru/223/filestore/public/1.0/download/fz223/file.html?uid=16D3232FE9834AF593572BC4192C8494","","https://zakupki.gov.ru/epz/order/notice/notice223/documents.html?purchaseNoticeNumber=32615866713&noticeGuid=982cccb4-b388-4edc-b943-a092fd691dc9"
"32615742791","Оказание услуг по изготовлению индивидуальных абатментов из Ti, конструкции из CoCr сплава и безметалловых ортопедических конструкций на основе диоксид циркония для нужд СПб ГБУЗ ""Стоматологическая поликлиника №15"" в 2026 году","САНКТ-ПЕТЕРБУРГСКОЕ ГОСУДАРСТВЕННОЕ БЮДЖЕТНОЕ УЧРЕЖДЕНИЕ ЗДРАВООХРАНЕНИЯ ""СТОМАТОЛОГИЧЕСКАЯ ПОЛИКЛИНИКА № 15""","5423582.11","223-ФЗ Аукцион в электронной форме, участниками которого могут быть только субъекты малого и среднего предпринимательства","no","Документация АЭФ - Изготовление абатментов и ортопед. конструкций 2026.docx","https://zakupki.gov.ru/223/filestore/public/1.0/download/fz223/file.html?uid=7D74ED546FC44A5FB0D454384337A7FF","","https://zakupki.gov.ru/epz/order/notice/notice223/documents.html?purchaseNoticeNumber=32615742791&noticeGuid=5f1ae5a2-5e16-4064-838e-1e44b436a16e"
"32615742791","Оказание услуг по изготовлению индивидуальных абатментов из Ti, конструкции из CoCr сплава и безметалловых ортопедических конструкций на основе диоксид циркония для нужд СПб ГБУЗ ""Стоматологическая поликлиника №15"" в 2026 году","САНКТ-ПЕТЕРБУРГСКОЕ ГОСУДАРСТВЕННОЕ БЮДЖЕТНОЕ УЧРЕЖДЕНИЕ ЗДРАВООХРАНЕНИЯ ""СТОМАТОЛОГИЧЕСКАЯ ПОЛИКЛИНИКА № 15""","5423582.11","223-ФЗ Аукцион в электронной форме, участниками которого могут быть только субъекты малого и среднего предпринимательства","no","Протокол_подведения_итогов_аукциона_МСП_(системный).docx_с_данными_эл.подписей.pdf","https://zakupki.gov.ru/223/filestore/public/1.0/download/fz223/file.html?uid=4527C732C5BE498982503817F9422C3B","","https://zakupki.gov.ru/epz/order/notice/notice223/documents.html?purchaseNoticeNumber=32615742791&noticeGuid=5f1ae5a2-5e16-4064-838e-1e44b436a16e"
"32615742791","Оказание услуг по изготовлению индивидуальных абатментов из Ti, конструкции из CoCr сплава и безметалловых ортопедических конструкций на основе диоксид циркония для нужд СПб ГБУЗ ""Стоматологическая поликлиника №15"" в 2026 году","САНКТ-ПЕТЕРБУРГСКОЕ ГОСУДАРСТВЕННОЕ БЮДЖЕТНОЕ УЧРЕЖДЕНИЕ ЗДРАВООХРАНЕНИЯ ""СТОМАТОЛОГИЧЕСКАЯ ПОЛИКЛИНИКА № 15""","5423582.11","223-ФЗ Аукцион в электронной форме, участниками которого могут быть только субъекты малого и среднего предпринимательства","no","Протокол_подачи_ценовых_предложений_аукциона_(системный).docx","https://zakupki.gov.ru/223/filestore/public/1.0/download/fz223/file.html?uid=A9906491D6ED49DEA0F086CDAE54F0F1","","https://zakupki.gov.ru/epz/order/notice/notice223/documents.html?purchaseNoticeNumber=32615742791&noticeGuid=5f1ae5a2-5e16-4064-838e-1e44b436a16e"
"32615742791","Оказание услуг по изготовлению индивидуальных абатментов из Ti, конструкции из CoCr сплава и безметалловых ортопедических конструкций на основе диоксид циркония для нужд СПб ГБУЗ ""Стоматологическая поликлиника №15"" в 2026 году","САНКТ-ПЕТЕРБУРГСКОЕ ГОСУДАРСТВЕННОЕ БЮДЖЕТНОЕ УЧРЕЖДЕНИЕ ЗДРАВООХРАНЕНИЯ ""СТОМАТОЛОГИЧЕСКАЯ ПОЛИКЛИНИКА № 15""","5423582.11","223-ФЗ Аукцион в электронной форме, участниками которого могут быть только субъекты малого и среднего предпринимательства","no","Протокол_рассмотрения_первых_частей_заявок_на_участие_в_аукционе_(допущено_1_или_более)_(системный).docx_с_данными_эл.подписей.pdf","https://zakupki.gov.ru/223/filestore/public/1.0/download/fz223/file.html?uid=5165BC33C4C74FA6AECF29AC6824EE5A","","https://zakupki.gov.ru/epz/order/notice/notice223/documents.html?purchaseNoticeNumber=32615742791&noticeGuid=5f1ae5a2-5e16-4064-838e-1e44b436a16e"
"32515583482","Предоставление доступа к модулю интеграции ИС «Логус» и AmoCRM (в дальнейшем Информационная система)","ФЕДЕРАЛЬНОЕ ГОСУДАРСТВЕННОЕ БЮДЖЕТНОЕ УЧРЕЖДЕНИЕ ЗДРАВООХРАНЕНИЯ ""МЕДИЦИНСКИЙ РЕАБИЛИТАЦИОННЫЙ ЦЕНТР"" СЕРГИЕВСКИЕ МИНЕРАЛЬНЫЕ ВОДЫ"" ФЕДЕРАЛЬНОГО МЕДИКО-БИОЛОГИЧЕСКОГО АГЕНТСТВА""","412850.00","223-ФЗ Иной способ","no","извещение-документация","https://zakupki.gov.ru/223/filestore/public/1.0/download/fz223/file.html?uid=62642F21003749C391A67245A269E29A","","https://zakupki.gov.ru/epz/order/notice/notice223/documents.html?purchaseNoticeNumber=32515583482&noticeGuid=74dc6fed-3e41-4ea0-a172-d33a253e3b21"
"32515583482","Предоставление доступа к модулю интеграции ИС «Логус» и AmoCRM (в дальнейшем Информационная система)","ФЕДЕРАЛЬНОЕ ГОСУДАРСТВЕННОЕ БЮДЖЕТНОЕ УЧРЕЖДЕНИЕ ЗДРАВООХРАНЕНИЯ ""МЕДИЦИНСКИЙ РЕАБИЛИТАЦИОННЫЙ ЦЕНТР"" СЕРГИЕВСКИЕ МИНЕРАЛЬНЫЕ ВОДЫ"" ФЕДЕРАЛЬНОГО МЕДИКО-БИОЛОГИЧЕСКОГО АГЕНТСТВА""","412850.00","223-ФЗ Иной способ","no","протокол","https://zakupki.gov.ru/223/filestore/public/1.0/download/fz223/file.html?uid=286445EE15EA470BAA55D8D126B08898","","https://zakupki.gov.ru/epz/order/notice/notice223/documents.html?purchaseNoticeNumber=32515583482&noticeGuid=74dc6fed-3e41-4ea0-a172-d33a253e3b21"
"32515583482","Предоставление доступа к модулю интеграции ИС «Логус» и AmoCRM (в дальнейшем Информационная система)","ФЕДЕРАЛЬНОЕ ГОСУДАРСТВЕННОЕ БЮДЖЕТНОЕ УЧРЕЖДЕНИЕ ЗДРАВООХРАНЕНИЯ ""МЕДИЦИНСКИЙ РЕАБИЛИТАЦИОННЫЙ ЦЕНТР"" СЕРГИЕВСКИЕ МИНЕРАЛЬНЫЕ ВОДЫ"" ФЕДЕРАЛЬНОГО МЕДИКО-БИОЛОГИЧЕСКОГО АГЕНТСТВА""","412850.00","223-ФЗ Иной способ","no","проект договора","https://zakupki.gov.ru/223/filestore/public/1.0/download/fz223/file.html?uid=D014B737A1E24B9A908A3AA4F7A2D2D7","","https://zakupki.gov.ru/epz/order/notice/notice223/documents.html?purchaseNoticeNumber=32515583482&noticeGuid=74dc6fed-3e41-4ea0-a172-d33a253e3b21"
"0190200000325015669","Оказание услуг по предоставлению доступа к ПО для автоматизированного распознавания документов на условиях простой (неисключительной) лицензии","ДЕПАРТАМЕНТ ГОСУДАРСТВЕННОГО ЗАКАЗА ЯМАЛО-НЕНЕЦКОГО АВТОНОМНОГО ОКРУГА","2700000.00","44-ФЗ Электронный аукцион","no","Приложение 2 Обоснование НМЦК.docx.zip","https://zakupki.gov.ru/44fz/filestore/public/1.0/download/priz/file.html?uid=BA72813FBB7641D2AE5A5FD86D872C3B","","https://zakupki.gov.ru/epz/order/notice/ea20/view/documents.html?regNumber=0190200000325015669"
"0190200000325015669","Оказание услуг по предоставлению доступа к ПО для автоматизированного распознавания документов на условиях простой (неисключительной) лицензии","ДЕПАРТАМЕНТ ГОСУДАРСТВЕННОГО ЗАКАЗА ЯМАЛО-НЕНЕЦКОГО АВТОНОМНОГО ОКРУГА","2700000.00","44-ФЗ Электронный аукцион","no","Проект контракта_СМП.docx.zip","https://zakupki.gov.ru/44fz/filestore/public/1.0/download/priz/file.html?uid=837343BF85E6449887A1CA8442C81B76","","https://zakupki.gov.ru/epz/order/notice/ea20/view/documents.html?regNumber=0190200000325015669"
"0190200000325015669","Оказание услуг по предоставлению доступа к ПО для автоматизированного распознавания документов на условиях простой (неисключительной) лицензии","ДЕПАРТАМЕНТ ГОСУДАРСТВЕННОГО ЗАКАЗА ЯМАЛО-НЕНЕЦКОГО АВТОНОМНОГО ОКРУГА","2700000.00","44-ФЗ Электронный аукцион","yes","Приложение 1 Описание.docx.zip","https://zakupki.gov.ru/44fz/filestore/public/1.0/download/priz/file.html?uid=27972E777D504DD2BE4A29B718668DE5","","https://zakupki.gov.ru/epz/order/notice/ea20/view/documents.html?regNumber=0190200000325015669"
"0190200000325015669","Оказание услуг по предоставлению доступа к ПО для автоматизированного распознавания документов на условиях простой (неисключительной) лицензии","ДЕПАРТАМЕНТ ГОСУДАРСТВЕННОГО ЗАКАЗА ЯМАЛО-НЕНЕЦКОГО АВТОНОМНОГО ОКРУГА","2700000.00","44-ФЗ Электронный аукцион","no","Приложение 3 Требования к заявке, инструкция.docx.zip","https://zakupki.gov.ru/44fz/filestore/public/1.0/download/priz/file.html?uid=FBB4144F432A4AFB907E5A18CEAB3E63","","https://zakupki.gov.ru/epz/order/notice/ea20/view/documents.html?regNumber=0190200000325015669"
"0190200000325015669","Оказание услуг по предоставлению доступа к ПО для автоматизированного распознавания документов на условиях простой (неисключительной) лицензии","ДЕПАРТАМЕНТ ГОСУДАРСТВЕННОГО ЗАКАЗА ЯМАЛО-НЕНЕЦКОГО АВТОНОМНОГО ОКРУГА","2700000.00","44-ФЗ Электронный аукцион","no","Электронный документ, полученный из внешней системы","https://zakupki.gov.ru/44fz/filestore/public/1.0/download/priz/file.html?uid=8E540DC38517488DB089B3826E1EEE65","","https://zakupki.gov.ru/epz/order/notice/ea20/view/documents.html?regNumber=0190200000325015669"
