tender_num,is_tz,doc_name,source_url,status,file_path,bytes,suggested_filename
"32615696901","no","Проект_контракта_17030528-1.pdf","https://zakupki.gov.ru/223/filestore/public/1.0/download/fz223/file.html?uid=CD99C248B7B94EDE8C6C522BA95058B7","downloaded","data/raw/zakupki-docai-6m-doc-files-browser/2026-05-30-docai-6m/32615696901/Проект_контракта_17030528-1.pdf","107055","Проект_контракта_17030528-1.pdf"
"32615696901","no","Расчет НМЦД РАСПОЗНАВАНИЕ 1с.xlsx","https://zakupki.gov.ru/223/filestore/public/1.0/download/fz223/file.html?uid=EE7AA0B749FC4A37A1924FBF1DDEA622","downloaded","data/raw/zakupki-docai-6m-doc-files-browser/2026-05-30-docai-6m/32615696901/Расчет_НМЦД_РАСПОЗНАВАНИЕ_1с.xlsx","14329","Расчет_НМЦД_РАСПОЗНАВАНИЕ_1с.xlsx"
"32615696901","yes","Техническое_задание_17030528-1.pdf","https://zakupki.gov.ru/223/filestore/public/1.0/download/fz223/file.html?uid=9FBFC39F6F8B40DD805CBA3B30CA173F","downloaded","data/raw/zakupki-docai-6m-doc-files-browser/2026-05-30-docai-6m/32615696901/Техническое_задание_17030528-1.pdf","68408","Техническое_задание_17030528-1.pdf"
"32615696901","no","1875 (2).docx","https://zakupki.gov.ru/223/filestore/public/1.0/download/fz223/file.html?uid=1BF3161BD68B49FCB032B710D0F2AD16","downloaded","data/raw/zakupki-docai-6m-doc-files-browser/2026-05-30-docai-6m/32615696901/1875_(2).docx","13997","1875_(2).docx"
"32615696901","no","OpenCompetition14830458.pdf","https://zakupki.gov.ru/223/filestore/public/1.0/download/fz223/file.html?uid=281EB16916D24E149E1AFCF7747A3890","downloaded","data/raw/zakupki-docai-6m-doc-files-browser/2026-05-30-docai-6m/32615696901/OpenCompetition14830458.pdf","101454","OpenCompetition14830458.pdf"
"32615696901","no","Протокол НМЦД.pdf","https://zakupki.gov.ru/223/filestore/public/1.0/download/fz223/file.html?uid=5DE3270F5D9D4FE287BF7D88F145F077","downloaded","data/raw/zakupki-docai-6m-doc-files-browser/2026-05-30-docai-6m/32615696901/Протокол_НМЦД.pdf","52596","Протокол_НМЦД.pdf"
"32615696901","no","OpenCompetition14830458.pdf","https://zakupki.gov.ru/223/filestore/public/1.0/download/fz223/file.html?uid=5B738DAA55954E5D8876AD27F7A1F296","downloaded","data/raw/zakupki-docai-6m-doc-files-browser/2026-05-30-docai-6m/32615696901/OpenCompetition14830458-2.pdf","101454","OpenCompetition14830458.pdf"
"32615696901","yes","Техническое_задание_17055848-1.pdf","https://zakupki.gov.ru/223/filestore/public/1.0/download/fz223/file.html?uid=E3D924C6A78D44D793F3410EC5F5139F","downloaded","data/raw/zakupki-docai-6m-doc-files-browser/2026-05-30-docai-6m/32615696901/Техническое_задание_17055848-1.pdf","68087","Техническое_задание_17055848-1.pdf"
"32615696901","no","Протокол НМЦД.pdf","https://zakupki.gov.ru/223/filestore/public/1.0/download/fz223/file.html?uid=4D4B452391854D0AA759506E68B1460C","downloaded","data/raw/zakupki-docai-6m-doc-files-browser/2026-05-30-docai-6m/32615696901/Протокол_НМЦД-2.pdf","52596","Протокол_НМЦД.pdf"
"32615696901","no","Проект_контракта_17030528-1.pdf","https://zakupki.gov.ru/223/filestore/public/1.0/download/fz223/file.html?uid=DEAFF1E538F64FD4A86780BE650F8ACA","downloaded","data/raw/zakupki-docai-6m-doc-files-browser/2026-05-30-docai-6m/32615696901/Проект_контракта_17030528-1-2.pdf","107055","Проект_контракта_17030528-1.pdf"
"32615696901","no","Расчет НМЦД РАСПОЗНАВАНИЕ 1с.xlsx","https://zakupki.gov.ru/223/filestore/public/1.0/download/fz223/file.html?uid=239EF7A6C0C846E1BA980E0203A98632","downloaded","data/raw/zakupki-docai-6m-doc-files-browser/2026-05-30-docai-6m/32615696901/Расчет_НМЦД_РАСПОЗНАВАНИЕ_1с-2.xlsx","14329","Расчет_НМЦД_РАСПОЗНАВАНИЕ_1с.xlsx"
"32615696901","no","1875 (2).docx","https://zakupki.gov.ru/223/filestore/public/1.0/download/fz223/file.html?uid=1A70819241724BFE95A5278BEF3514DC","downloaded","data/raw/zakupki-docai-6m-doc-files-browser/2026-05-30-docai-6m/32615696901/1875_(2)-2.docx","13997","1875_(2).docx"
"32615696901","no","Ответ на запрос №1.docx","https://zakupki.gov.ru/223/filestore/public/1.0/download/fz223/file.html?uid=1B6ED79022EB42AFA14F08C33A09270E","downloaded","data/raw/zakupki-docai-6m-doc-files-browser/2026-05-30-docai-6m/32615696901/Ответ_на_запрос_№1.docx","18378","Ответ_на_запрос_№1.docx"
"32615696901","no","32615696901 Итоговый протокол лот №1.pdf","https://zakupki.gov.ru/223/filestore/public/1.0/download/fz223/file.html?uid=FD6232D274AE4CF4B88315C3A479CE6A","downloaded","data/raw/zakupki-docai-6m-doc-files-browser/2026-05-30-docai-6m/32615696901/32615696901_Итоговый_протокол_лот_№1.pdf","264479","32615696901_Итоговый_протокол_лот_№1.pdf"
"0190300004625000432","no","Приложение №3 Обоснование НМЦК.xlsx.zip","https://zakupki.gov.ru/44fz/filestore/public/1.0/download/priz/file.html?uid=8C1A1A48425947E9B35D7B33C17CFCEE","downloaded","data/raw/zakupki-docai-6m-doc-files-browser/2026-05-30-docai-6m/0190300004625000432/Приложение_№3_Обоснование_НМЦК.xlsx.zip","58921","Приложение_№3_Обоснование_НМЦК.xlsx.zip"
"0190300004625000432","no","Приложение №2 Проект контракта .docx.zip","https://zakupki.gov.ru/44fz/filestore/public/1.0/download/priz/file.html?uid=3CD4D85D237F45DCBA72DFB89F5EC731","downloaded","data/raw/zakupki-docai-6m-doc-files-browser/2026-05-30-docai-6m/0190300004625000432/Приложение_№2_Проект_контракта_.docx.zip","205403","Приложение_№2_Проект_контракта_.docx.zip"
"0190300004625000432","yes","Приложение № 1 Описание объекта закупки .docx.zip","https://zakupki.gov.ru/44fz/filestore/public/1.0/download/priz/file.html?uid=FEF26B545DAE44E4834C1558DB3D45E7","downloaded","data/raw/zakupki-docai-6m-doc-files-browser/2026-05-30-docai-6m/0190300004625000432/Приложение_№_1_Описание_объекта_закупки_.docx.zip","37294","Приложение_№_1_Описание_объекта_закупки_.docx.zip"
"0190300004625000432","no","Приложение №4 Требования к составу аукционной заявки с инструкцией по заполнению.docx.zip","https://zakupki.gov.ru/44fz/filestore/public/1.0/download/priz/file.html?uid=8187B5B4632B4A99AEAA8DCB052040F5","downloaded","data/raw/zakupki-docai-6m-doc-files-browser/2026-05-30-docai-6m/0190300004625000432/Приложение_№4_Требования_к_составу_аукционной_заявки_с_инструкцией_по_заполнению.docx.zip","26223","Приложение_№4_Требования_к_составу_аукционной_заявки_с_инструкцией_по_заполнению.docx.zip"
"0190300004625000432","no","Электронный документ, полученный из внешней системы","https://zakupki.gov.ru/44fz/filestore/public/1.0/download/priz/file.html?uid=8D6E6280B6044CAF91F0E1A7CA34698C","downloaded","data/raw/zakupki-docai-6m-doc-files-browser/2026-05-30-docai-6m/0190300004625000432/Электронный_документ,_полученный_из_внешней_системы.pdf","120563","Электронный_документ,_полученный_из_внешней_системы.pdf"
"0190300004625000432","no","Электронный документ, полученный из внешней системы","https://zakupki.gov.ru/44fz/filestore/public/1.0/download/priz/file.html?uid=97675CB649EE4049AFA8BADAD7678CA4","downloaded","data/raw/zakupki-docai-6m-doc-files-browser/2026-05-30-docai-6m/0190300004625000432/Электронный_документ,_полученный_из_внешней_системы.docx","32602","Электронный_документ,_полученный_из_внешней_системы.docx"
"32615959840","no","96 ЗК ЭФ Поставка ПАК для сканирования и распознавания документов.docx","https://zakupki.gov.ru/223/filestore/public/1.0/download/fz223/file.html?uid=DCB8E861DF5B4E3CAA1C3F629E82F000","downloaded","data/raw/zakupki-docai-6m-doc-files-browser/2026-05-30-docai-6m/32615959840/96_ЗК_ЭФ_Поставка_ПАК_для_сканирования_и_распознавания_документов.docx","85803","96_ЗК_ЭФ_Поставка_ПАК_для_сканирования_и_распознавания_документов.docx"
"32615959840","no","96 Протокол_рассмотрения_заявок_и_подведения_итогов_ЗК_1 (2).pdf","https://zakupki.gov.ru/223/filestore/public/1.0/download/fz223/file.html?uid=22D418DDCD74431BA494A82834935A8C","downloaded","data/raw/zakupki-docai-6m-doc-files-browser/2026-05-30-docai-6m/32615959840/96_Протокол_рассмотрения_заявок_и_подведения_итогов_ЗК_1_(2).pdf","527681","96_Протокол_рассмотрения_заявок_и_подведения_итогов_ЗК_1_(2).pdf"
"32615959840","no","96 Протокол_рассмотрения_заявок_и_подведения_итогов_ЗК_1 (2).docx","https://zakupki.gov.ru/223/filestore/public/1.0/download/fz223/file.html?uid=23308DFFCC914D5DBE2012237D591580","downloaded","data/raw/zakupki-docai-6m-doc-files-browser/2026-05-30-docai-6m/32615959840/96_Протокол_рассмотрения_заявок_и_подведения_итогов_ЗК_1_(2).docx","21951","96_Протокол_рассмотрения_заявок_и_подведения_итогов_ЗК_1_(2).docx"
"0356500001426003567","no","ОБОСНОВАНИЕ (РАСЧЕТ) НМЦК","https://zakupki.gov.ru/44fz/filestore/public/1.0/download/priz/file.html?uid=B6A737A349304B52B3E988984E7874D2","downloaded","data/raw/zakupki-docai-6m-doc-files-browser/2026-05-30-docai-6m/0356500001426003567/Обоснование_нмц.xlsx","13525","Обоснование_нмц.xlsx"
"0356500001426003567","no","Проект контракта","https://zakupki.gov.ru/44fz/filestore/public/1.0/download/priz/file.html?uid=DB700C449B764749AB9B32A1EE3AC618","downloaded","data/raw/zakupki-docai-6m-doc-files-browser/2026-05-30-docai-6m/0356500001426003567/Проект_контракта.docx","223125","Проект_контракта.docx"
"0356500001426003567","yes","Техническое задание","https://zakupki.gov.ru/44fz/filestore/public/1.0/download/priz/file.html?uid=85D89BD69BA54D6AB22CD49C5A6BEE6C","downloaded","data/raw/zakupki-docai-6m-doc-files-browser/2026-05-30-docai-6m/0356500001426003567/2._ТЗ_ТП_Робот_1222__25.03_ред_2703.docx","26837","2._ТЗ_ТП_Робот_1222__25.03_ред_2703.docx"
"0356500001426003567","no","Требования к содержанию, составу заявки на участие в закупке","https://zakupki.gov.ru/44fz/filestore/public/1.0/download/priz/file.html?uid=D2E3776A3F874FB493F20A22D673228C","downloaded","data/raw/zakupki-docai-6m-doc-files-browser/2026-05-30-docai-6m/0356500001426003567/Требования_к_составу_и_содержанию_заявки.docx","6587","Требования_к_составу_и_содержанию_заявки.docx"
"0356500001426003567","no","Электронный документ, полученный из внешней системы","https://zakupki.gov.ru/44fz/filestore/public/1.0/download/priz/file.html?uid=A355EBF89BCA4B829AB347E9651F0EB2","downloaded","data/raw/zakupki-docai-6m-doc-files-browser/2026-05-30-docai-6m/0356500001426003567/Электронный_документ,_полученный_из_внешней_системы.docx","13322","Электронный_документ,_полученный_из_внешней_системы.docx"
"0348200081026002292","no","Обоснование НМЦК","https://zakupki.gov.ru/44fz/filestore/public/1.0/download/priz/file.html?uid=D63AB0106BA5432E9B138DBA5B7D93F6","downloaded","data/raw/zakupki-docai-6m-doc-files-browser/2026-05-30-docai-6m/0348200081026002292/Обоснование_НМЦК.zip","178861","Обоснование_НМЦК.zip"
"0348200081026002292","no","Проект контракта, сост. 17.04.2026","https://zakupki.gov.ru/44fz/filestore/public/1.0/download/priz/file.html?uid=69356DC475E5419DBECABFD6F5A65865","downloaded","data/raw/zakupki-docai-6m-doc-files-browser/2026-05-30-docai-6m/0348200081026002292/Проект_контракта,_сост._17.04.2026.zip","40549","Проект_контракта,_сост._17.04.2026.zip"
"0348200081026002292","no","ТЗ_ГВ_сопровод_2026-2027_3 этапа","https://zakupki.gov.ru/44fz/filestore/public/1.0/download/priz/file.html?uid=BD3ACAD09E2A414DBF33C5F5535F487A","downloaded","data/raw/zakupki-docai-6m-doc-files-browser/2026-05-30-docai-6m/0348200081026002292/ТЗ_ГВ_сопровод_2026-2027_3_этапа.docx","238816","ТЗ_ГВ_сопровод_2026-2027_3_этапа.docx"
"0348200081026002292","no","Требование к содержанию, составу заявки на участие в закупке закупка №032969-26","https://zakupki.gov.ru/44fz/filestore/public/1.0/download/priz/file.html?uid=BF17405D9B8944EA96DF4810DC58F301","downloaded","data/raw/zakupki-docai-6m-doc-files-browser/2026-05-30-docai-6m/0348200081026002292/Требование_к_содержанию,_составу_заявки_на_участие_в_закупке_закупка_№032969-26.docx","22816","Требование_к_содержанию,_составу_заявки_на_участие_в_закупке_закупка_№032969-26.docx"
"0348200081026002292","no","Приложение к проекту контракта, сост. 17.04.2026","https://zakupki.gov.ru/44fz/filestore/public/1.0/download/priz/file.html?uid=0AF8DEE23EBE48C699D4E4C9B9AFD7D5","downloaded","data/raw/zakupki-docai-6m-doc-files-browser/2026-05-30-docai-6m/0348200081026002292/Приложение_к_проекту_контракта,_сост._17.04.2026.zip","518063","Приложение_к_проекту_контракта,_сост._17.04.2026.zip"
"0348200081026002292","no","ответ на запрос","https://zakupki.gov.ru/44fz/filestore/public/1.0/download/priz/file.html?uid=A211E30099E64F5D9916DED9476E9E3A","downloaded","data/raw/zakupki-docai-6m-doc-files-browser/2026-05-30-docai-6m/0348200081026002292/ответ_на_запрос.pdf","2157668","ответ_на_запрос.pdf"
"0348200081026002292","no","Разъяснения_Голос_24.04.2026_2","https://zakupki.gov.ru/44fz/filestore/public/1.0/download/priz/file.html?uid=E116031E7D914905941C80707BDD33CC","downloaded","data/raw/zakupki-docai-6m-doc-files-browser/2026-05-30-docai-6m/0348200081026002292/Разъяснения_Голос_24.04.2026_2.docx","24176","Разъяснения_Голос_24.04.2026_2.docx"
"0348200081026002292","no","Электронный документ, полученный из внешней системы","https://zakupki.gov.ru/44fz/filestore/public/1.0/download/priz/file.html?uid=1BF6171648CB4E4F8D9EA3042156F1AB","downloaded","data/raw/zakupki-docai-6m-doc-files-browser/2026-05-30-docai-6m/0348200081026002292/Электронный_документ,_полученный_из_внешней_системы.docx","24008","Электронный_документ,_полученный_из_внешней_системы.docx"
"0835600001526000005","no","Требования к содержанию, составу заявки на участие в электронном запросе котировок","https://zakupki.gov.ru/44fz/filestore/public/1.0/download/priz/file.html?uid=DF99FA87810D4BE690BC16CC45924290","downloaded","data/raw/zakupki-docai-6m-doc-files-browser/2026-05-30-docai-6m/0835600001526000005/Требования_к_содержанию,_составу_заявки_на_участие_в_электронном_запросе_котировок.docx","23466","Требования_к_содержанию,_составу_заявки_на_участие_в_электронном_запросе_котировок.docx"
"0835600001526000005","yes","Описание объекта закупки (техническое задание)","https://zakupki.gov.ru/44fz/filestore/public/1.0/download/priz/file.html?uid=C4B23514E4B94F07BCBCFCA6A6067BA2","downloaded","data/raw/zakupki-docai-6m-doc-files-browser/2026-05-30-docai-6m/0835600001526000005/Описание_объекта_закупки_(техническое_задание).docx","33320","Описание_объекта_закупки_(техническое_задание).docx"
"0835600001526000005","no","Проект контракта","https://zakupki.gov.ru/44fz/filestore/public/1.0/download/priz/file.html?uid=D37BFD3CADE2418AA33A4F1CB4AA73EC","downloaded","data/raw/zakupki-docai-6m-doc-files-browser/2026-05-30-docai-6m/0835600001526000005/Проект_контракта.docx","83929","Проект_контракта.docx"
"0835600001526000005","no","Обоснование НЦЕУ","https://zakupki.gov.ru/44fz/filestore/public/1.0/download/priz/file.html?uid=C7B8FAD1570D48E284ED727435FF56A2","downloaded","data/raw/zakupki-docai-6m-doc-files-browser/2026-05-30-docai-6m/0835600001526000005/Обоснование_НЦЕУ.pdf","4244969","Обоснование_НЦЕУ.pdf"
"0835600001526000005","no","Электронный документ, полученный из внешней системы","https://zakupki.gov.ru/44fz/filestore/public/1.0/download/priz/file.html?uid=1EFF7247547141C78B9A7D067CCC987B","downloaded","data/raw/zakupki-docai-6m-doc-files-browser/2026-05-30-docai-6m/0835600001526000005/Электронный_документ,_полученный_из_внешней_системы.docx","22701","Электронный_документ,_полученный_из_внешней_системы.docx"
"0373100084726000005","no","ПРиложение 4 Требования к заявке","https://zakupki.gov.ru/44fz/filestore/public/1.0/download/priz/file.html?uid=C6A60848011043E79C66E541432F99E4","downloaded","data/raw/zakupki-docai-6m-doc-files-browser/2026-05-30-docai-6m/0373100084726000005/ПРиложение_4_Требования_к_заявке.docx","79186","ПРиложение_4_Требования_к_заявке.docx"
"0373100084726000005","no","Приложение 1 расчет_НМЦК","https://zakupki.gov.ru/44fz/filestore/public/1.0/download/priz/file.html?uid=5C6AA908CE7F48909DD8BB561F8F4899","downloaded","data/raw/zakupki-docai-6m-doc-files-browser/2026-05-30-docai-6m/0373100084726000005/Приложение_1_расчет_НМЦК.xlsx","44748","Приложение_1_расчет_НМЦК.xlsx"
"0373100084726000005","yes","Приложение 3 Описание объекта закупки","https://zakupki.gov.ru/44fz/filestore/public/1.0/download/priz/file.html?uid=280919AFA99C42F0BD8823257C2A5C19","downloaded","data/raw/zakupki-docai-6m-doc-files-browser/2026-05-30-docai-6m/0373100084726000005/Приложение_3_Описание_объекта_закупки.docx","76468","Приложение_3_Описание_объекта_закупки.docx"
"0373100084726000005","no","Приложение 2 Проект контракта","https://zakupki.gov.ru/44fz/filestore/public/1.0/download/priz/file.html?uid=716952FF282F4BC98828AF886873BF15","downloaded","data/raw/zakupki-docai-6m-doc-files-browser/2026-05-30-docai-6m/0373100084726000005/Приложение_2_Проект_контракта.docx","41524","Приложение_2_Проект_контракта.docx"
"0373100084726000005","no","Электронный документ, полученный из внешней системы","https://zakupki.gov.ru/44fz/filestore/public/1.0/download/priz/file.html?uid=AC6CC77EED91455C910F723C0CA3CFD4","downloaded","data/raw/zakupki-docai-6m-doc-files-browser/2026-05-30-docai-6m/0373100084726000005/Электронный_документ,_полученный_из_внешней_системы.docx","14151","Электронный_документ,_полученный_из_внешней_системы.docx"
"0148200005425001025","no","Обоснование НМЦК","https://zakupki.gov.ru/44fz/filestore/public/1.0/download/priz/file.html?uid=9894696894604D5392DAC97E9651E444","downloaded","data/raw/zakupki-docai-6m-doc-files-browser/2026-05-30-docai-6m/0148200005425001025/Обоснование_НМЦК.zip","251380","Обоснование_НМЦК.zip"
"0148200005425001025","no","Проект контракта, сост. 30.12.2025","https://zakupki.gov.ru/44fz/filestore/public/1.0/download/priz/file.html?uid=A19B2A898A7C414FA271EEF5E179038D","downloaded","data/raw/zakupki-docai-6m-doc-files-browser/2026-05-30-docai-6m/0148200005425001025/Проект_контракта,_сост._30.12.2025.zip","59665","Проект_контракта,_сост._30.12.2025.zip"
"0148200005425001025","yes","2_Описание_объекта_закупки_новое_Итог+МВК+29.12.2025","https://zakupki.gov.ru/44fz/filestore/public/1.0/download/priz/file.html?uid=0D4B381A1A164B35AC1E53807A85CEFC","downloaded","data/raw/zakupki-docai-6m-doc-files-browser/2026-05-30-docai-6m/0148200005425001025/2_Описание_объекта_закупки_новое_Итог+МВК+29.12.2025.docx","863531","2_Описание_объекта_закупки_новое_Итог+МВК+29.12.2025.docx"
"0148200005425001025","no","п.+4+Требование_к_содержанию_и_составу_заявки_услуги","https://zakupki.gov.ru/44fz/filestore/public/1.0/download/priz/file.html?uid=33851AC0FB5644E28E7EF2D6E09FE752","downloaded","data/raw/zakupki-docai-6m-doc-files-browser/2026-05-30-docai-6m/0148200005425001025/п.+4+Требование_к_содержанию_и_составу_заявки_услуги.docx","47595","п.+4+Требование_к_содержанию_и_составу_заявки_услуги.docx"
"0148200005425001025","no","Приложение+к+проекту+контракта,+сост.+30.12.2025","https://zakupki.gov.ru/44fz/filestore/public/1.0/download/priz/file.html?uid=8988ACDCD24C4BB18306FAE531DA8803","downloaded","data/raw/zakupki-docai-6m-doc-files-browser/2026-05-30-docai-6m/0148200005425001025/Приложение+к+проекту+контракта,+сост.+30.12.2025.zip","139932","Приложение+к+проекту+контракта,+сост.+30.12.2025.zip"
"0148200005425001025","no","Другое приложение, сост. 30.12.2025","https://zakupki.gov.ru/44fz/filestore/public/1.0/download/priz/file.html?uid=9AFCCE2C79EC4F7CA28F7C97A77A65C3","downloaded","data/raw/zakupki-docai-6m-doc-files-browser/2026-05-30-docai-6m/0148200005425001025/Другое_приложение,_сост._30.12.2025.zip","23685","Другое_приложение,_сост._30.12.2025.zip"
"0148200005425001025","no","3 -Порядок рассмотрения +информационная+система 29.12.2025","https://zakupki.gov.ru/44fz/filestore/public/1.0/download/priz/file.html?uid=A010F8F2685E40FCB539119B0797C5BC","downloaded","data/raw/zakupki-docai-6m-doc-files-browser/2026-05-30-docai-6m/0148200005425001025/3_-Порядок_рассмотрения_+информационная+система_29.12.2025.docx","49908","3_-Порядок_рассмотрения_+информационная+система_29.12.2025.docx"
"0148200005425001025","no","Электронный документ, полученный из внешней системы","https://zakupki.gov.ru/44fz/filestore/public/1.0/download/priz/file.html?uid=A4E7F2EB4F8244D98059078CE7CD68A2","downloaded","data/raw/zakupki-docai-6m-doc-files-browser/2026-05-30-docai-6m/0148200005425001025/Электронный_документ,_полученный_из_внешней_системы.docx","23125","Электронный_документ,_полученный_из_внешней_системы.docx"
"32515527602","no","Приложение №4 (обоснование НМЦ).xlsx","https://zakupki.gov.ru/223/filestore/public/1.0/download/fz223/file.html?uid=9C78B37FFA9B4B58990498B4262B5E58","downloaded","data/raw/zakupki-docai-6m-doc-files-browser/2026-05-30-docai-6m/32515527602/Приложение_№4_(обоснование_НМЦ).xlsx","21846","Приложение_№4_(обоснование_НМЦ).xlsx"
"32515527602","no","Приложение №2 Форма предложения о цене договора.docx","https://zakupki.gov.ru/223/filestore/public/1.0/download/fz223/file.html?uid=F2659B5625AB4BA8BF7289D26F62774F","downloaded","data/raw/zakupki-docai-6m-doc-files-browser/2026-05-30-docai-6m/32515527602/Приложение_№2_Форма_предложения_о_цене_договора.docx","54097","Приложение_№2_Форма_предложения_о_цене_договора.docx"
"32515527602","no","Извещение.docx","https://zakupki.gov.ru/223/filestore/public/1.0/download/fz223/file.html?uid=C948E25574D14532B125558A187E0631","downloaded","data/raw/zakupki-docai-6m-doc-files-browser/2026-05-30-docai-6m/32515527602/Извещение.docx","77275","Извещение.docx"
"32515527602","no","Приложение №3 (Проект договора).docx","https://zakupki.gov.ru/223/filestore/public/1.0/download/fz223/file.html?uid=FC45E9C615544691988D5FB6A50960DA","downloaded","data/raw/zakupki-docai-6m-doc-files-browser/2026-05-30-docai-6m/32515527602/Приложение_№3_(Проект_договора).docx","128719","Приложение_№3_(Проект_договора).docx"
"32515527602","yes","Приложение №1 Техническое задание.docx","https://zakupki.gov.ru/223/filestore/public/1.0/download/fz223/file.html?uid=267C768BB2A74705AC635393079E0FF0","downloaded","data/raw/zakupki-docai-6m-doc-files-browser/2026-05-30-docai-6m/32515527602/Приложение_№1_Техническое_задание.docx","59514","Приложение_№1_Техническое_задание.docx"
"32515527602","no","Приложение №2 Форма предложения о цене договора_ 2 ред.docx","https://zakupki.gov.ru/223/filestore/public/1.0/download/fz223/file.html?uid=63FD36E5012640CEB9A664FA5F888E3D","downloaded","data/raw/zakupki-docai-6m-doc-files-browser/2026-05-30-docai-6m/32515527602/Приложение_№2_Форма_предложения_о_цене_договора__2_ред.docx","53872","Приложение_№2_Форма_предложения_о_цене_договора__2_ред.docx"
"32515527602","no","Приложение №3 (Проект договора)_2 ред..docx","https://zakupki.gov.ru/223/filestore/public/1.0/download/fz223/file.html?uid=F012666749634133B5D1C527EE3E9C55","downloaded","data/raw/zakupki-docai-6m-doc-files-browser/2026-05-30-docai-6m/32515527602/Приложение_№3_(Проект_договора)_2_ред..docx","128034","Приложение_№3_(Проект_договора)_2_ред..docx"
"32515527602","no","Перечень внесенных изменений.docx","https://zakupki.gov.ru/223/filestore/public/1.0/download/fz223/file.html?uid=CA47E741BCAE4262954A37F61298F731","downloaded","data/raw/zakupki-docai-6m-doc-files-browser/2026-05-30-docai-6m/32515527602/Перечень_внесенных_изменений.docx","13776","Перечень_внесенных_изменений.docx"
"32515527602","no","Приложение №4 (обоснование НМЦ).xlsx","https://zakupki.gov.ru/223/filestore/public/1.0/download/fz223/file.html?uid=83879233A41C45969764515F511075B1","downloaded","data/raw/zakupki-docai-6m-doc-files-browser/2026-05-30-docai-6m/32515527602/Приложение_№4_(обоснование_НМЦ)-2.xlsx","21846","Приложение_№4_(обоснование_НМЦ).xlsx"
"32515527602","no","Извещение.docx","https://zakupki.gov.ru/223/filestore/public/1.0/download/fz223/file.html?uid=5E1F8ADEC7D34C619D5438F2C4A964F3","downloaded","data/raw/zakupki-docai-6m-doc-files-browser/2026-05-30-docai-6m/32515527602/Извещение-2.docx","77275","Извещение.docx"
"32515527602","yes","Приложение №1 Техническое задание_2 ред.docx","https://zakupki.gov.ru/223/filestore/public/1.0/download/fz223/file.html?uid=9EDFDA4C59E84B608860119DD8A4DD28","downloaded","data/raw/zakupki-docai-6m-doc-files-browser/2026-05-30-docai-6m/32515527602/Приложение_№1_Техническое_задание_2_ред.docx","59973","Приложение_№1_Техническое_задание_2_ред.docx"
"32515527602","no","Ответ на запрос.docx","https://zakupki.gov.ru/223/filestore/public/1.0/download/fz223/file.html?uid=3D0952A843B1474592F1A3E7B0904FDE","downloaded","data/raw/zakupki-docai-6m-doc-files-browser/2026-05-30-docai-6m/32515527602/Ответ_на_запрос.docx","14314","Ответ_на_запрос.docx"
"32515527602","no","Протокол № 3722297 от 19.12.2025 Итоговый 1С_.docx","https://zakupki.gov.ru/223/filestore/public/1.0/download/fz223/file.html?uid=455812763AE64F8E8255D6E27A65022A","downloaded","data/raw/zakupki-docai-6m-doc-files-browser/2026-05-30-docai-6m/32515527602/Протокол_№_3722297_от_19.12.2025_Итоговый_1С_.docx","21908","Протокол_№_3722297_от_19.12.2025_Итоговый_1С_.docx"
"32515527602","no","Протокол № 3722297 от 19.12.2025 Итоговый 1С_.pdf","https://zakupki.gov.ru/223/filestore/public/1.0/download/fz223/file.html?uid=2BDCBA72FE43462C88AC123F0821FA7F","downloaded","data/raw/zakupki-docai-6m-doc-files-browser/2026-05-30-docai-6m/32515527602/Протокол_№_3722297_от_19.12.2025_Итоговый_1С_.pdf","632818","Протокол_№_3722297_от_19.12.2025_Итоговый_1С_.pdf"
"0373100016225000054","no","1. Расчет_НМЦК","https://zakupki.gov.ru/44fz/filestore/public/1.0/download/priz/file.html?uid=BA90D253C96D4C388BB9BA7A430E40E7","downloaded","data/raw/zakupki-docai-6m-doc-files-browser/2026-05-30-docai-6m/0373100016225000054/1._Расчет_НМЦК.docx","12634","1._Расчет_НМЦК.docx"
"0373100016225000054","no","1.1 Расчет_НМЦК","https://zakupki.gov.ru/44fz/filestore/public/1.0/download/priz/file.html?uid=20D40DADDBE8484A8E2158BF92791F47","downloaded","data/raw/zakupki-docai-6m-doc-files-browser/2026-05-30-docai-6m/0373100016225000054/1.1_Расчет_НМЦК.xlsx","22319","1.1_Расчет_НМЦК.xlsx"
"0373100016225000054","no","2. Проект контракта","https://zakupki.gov.ru/44fz/filestore/public/1.0/download/priz/file.html?uid=168C3333E0AE46D7A0251F7CBA20F757","downloaded","data/raw/zakupki-docai-6m-doc-files-browser/2026-05-30-docai-6m/0373100016225000054/2._Проект_контракта.docx","58242","2._Проект_контракта.docx"
"0373100016225000054","yes","3. Описание объекта закупки","https://zakupki.gov.ru/44fz/filestore/public/1.0/download/priz/file.html?uid=E5CE48FA223E4F9A8757A6BEC824AFA9","downloaded","data/raw/zakupki-docai-6m-doc-files-browser/2026-05-30-docai-6m/0373100016225000054/3._Описание_объекта_закупки.docx","98303","3._Описание_объекта_закупки.docx"
"0373100016225000054","no","4. Содержание заявки","https://zakupki.gov.ru/44fz/filestore/public/1.0/download/priz/file.html?uid=0D334724938E4B8B9CE8249D9C0F04F0","downloaded","data/raw/zakupki-docai-6m-doc-files-browser/2026-05-30-docai-6m/0373100016225000054/4._Содержание_заявки.docx","27623","4._Содержание_заявки.docx"
"0373100016225000054","no","Электронный документ, полученный из внешней системы","https://zakupki.gov.ru/44fz/filestore/public/1.0/download/priz/file.html?uid=4DE9763CF4A04AABB44A7F0B61E58BA6","downloaded","data/raw/zakupki-docai-6m-doc-files-browser/2026-05-30-docai-6m/0373100016225000054/Электронный_документ,_полученный_из_внешней_системы.docx","10571","Электронный_документ,_полученный_из_внешней_системы.docx"
"0373100028825000047","no","Обоснование НМЦК 089","https://zakupki.gov.ru/44fz/filestore/public/1.0/download/priz/file.html?uid=125F88D2EA3B4BD5892F841498DADD14","downloaded","data/raw/zakupki-docai-6m-doc-files-browser/2026-05-30-docai-6m/0373100028825000047/Обоснование_НМЦК_089.doc","65024","Обоснование_НМЦК_089.doc"
"0373100028825000047","no","Проект контракта услуги 089","https://zakupki.gov.ru/44fz/filestore/public/1.0/download/priz/file.html?uid=97909CCB49474999B2281CE63CF73BED","downloaded","data/raw/zakupki-docai-6m-doc-files-browser/2026-05-30-docai-6m/0373100028825000047/Проект_контракта_услуги_089.doc","114176","Проект_контракта_услуги_089.doc"
"0373100028825000047","yes","Техническое задание 089","https://zakupki.gov.ru/44fz/filestore/public/1.0/download/priz/file.html?uid=67B9EA8C55A54E419E322E5D116C19EA","downloaded","data/raw/zakupki-docai-6m-doc-files-browser/2026-05-30-docai-6m/0373100028825000047/Техническое_задание_089.docx","907394","Техническое_задание_089.docx"
"0373100028825000047","no","Требования к содержанию, составу заявки 089","https://zakupki.gov.ru/44fz/filestore/public/1.0/download/priz/file.html?uid=BCC74357C6EF4E5697D232EE5C8504F5","downloaded","data/raw/zakupki-docai-6m-doc-files-browser/2026-05-30-docai-6m/0373100028825000047/Требования_к_содержанию,_составу_заявки_089.doc","79360","Требования_к_содержанию,_составу_заявки_089.doc"
"0373100028825000047","no","Извещение 089","https://zakupki.gov.ru/44fz/filestore/public/1.0/download/priz/file.html?uid=CC1522E94E094777B291DEF7B65CF19E","downloaded","data/raw/zakupki-docai-6m-doc-files-browser/2026-05-30-docai-6m/0373100028825000047/Извещение_089.docx","42750","Извещение_089.docx"
"0373100028825000047","no","Электронный документ, полученный из внешней системы","https://zakupki.gov.ru/44fz/filestore/public/1.0/download/priz/file.html?uid=60DA8C6696754BE5ADA21ED2669BFD7B","downloaded","data/raw/zakupki-docai-6m-doc-files-browser/2026-05-30-docai-6m/0373100028825000047/Электронный_документ,_полученный_из_внешней_системы.docx","22965","Электронный_документ,_полученный_из_внешней_системы.docx"
"0372200180326000006","no","НМЦК[9].docx","https://zakupki.gov.ru/44fz/filestore/public/1.0/download/priz/file.html?uid=8C6DE422B7B5438E8C3757F0F3D07C7D","downloaded","data/raw/zakupki-docai-6m-doc-files-browser/2026-05-30-docai-6m/0372200180326000006/НМЦК[9].docx","40765","НМЦК[9].docx"
"0372200180326000006","no","ПРОЕКТ_КОНТРАКТА[2].docx","https://zakupki.gov.ru/44fz/filestore/public/1.0/download/priz/file.html?uid=6753AB5932B0461799B68B162FC95FFF","downloaded","data/raw/zakupki-docai-6m-doc-files-browser/2026-05-30-docai-6m/0372200180326000006/ПРОЕКТ_КОНТРАКТА[2].docx","39989","ПРОЕКТ_КОНТРАКТА[2].docx"
"0372200180326000006","yes","Техзадание_КонтентРидер_2026_(1)___.docx","https://zakupki.gov.ru/44fz/filestore/public/1.0/download/priz/file.html?uid=1EE5F3A7C11A420FA59663C4B2892E15","downloaded","data/raw/zakupki-docai-6m-doc-files-browser/2026-05-30-docai-6m/0372200180326000006/Техзадание_КонтентРидер_2026_(1)___.docx","39672","Техзадание_КонтентРидер_2026_(1)___.docx"
"0372200180326000006","no","Приложение_3_Требования_к_заявке[3].docx","https://zakupki.gov.ru/44fz/filestore/public/1.0/download/priz/file.html?uid=10743F875873448A9133C8083D617984","downloaded","data/raw/zakupki-docai-6m-doc-files-browser/2026-05-30-docai-6m/0372200180326000006/Приложение_3_Требования_к_заявке[3].docx","26267","Приложение_3_Требования_к_заявке[3].docx"
"0372200180326000006","no","Уведомление о прохождении контроля","https://zakupki.gov.ru/44fz/filestore/public/1.0/download/priz/file.html?uid=C4F651D6972B451CAFE06E4F46BB9C5C","downloaded","data/raw/zakupki-docai-6m-doc-files-browser/2026-05-30-docai-6m/0372200180326000006/Автоматический_контроль.pdf","30467","Автоматический_контроль.pdf"
"0372200180326000006","no","Электронный документ, полученный из внешней системы","https://zakupki.gov.ru/44fz/filestore/public/1.0/download/priz/file.html?uid=8BB3F3EB977C4DC58388BC90D5723CC5","downloaded","data/raw/zakupki-docai-6m-doc-files-browser/2026-05-30-docai-6m/0372200180326000006/Электронный_документ,_полученный_из_внешней_системы.pdf","124660","Электронный_документ,_полученный_из_внешней_системы.pdf"
"0372200180326000006","no","Электронный документ, полученный из внешней системы","https://zakupki.gov.ru/44fz/filestore/public/1.0/download/priz/file.html?uid=74E324B4B8314054B825F979A79B46FE","downloaded","data/raw/zakupki-docai-6m-doc-files-browser/2026-05-30-docai-6m/0372200180326000006/Электронный_документ,_полученный_из_внешней_системы.docx","27077","Электронный_документ,_полученный_из_внешней_системы.docx"
"32615878966","no","проект договора услуга по обновлению модуля.docx","https://zakupki.gov.ru/223/filestore/public/1.0/download/fz223/file.html?uid=97FA2DB78906420A9F7A836135ED5598","downloaded","data/raw/zakupki-docai-6m-doc-files-browser/2026-05-30-docai-6m/32615878966/проект_договора_услуга_по_обновлению_модуля.docx","81792","проект_договора_услуга_по_обновлению_модуля.docx"
"32615878966","no","Документация_.docx","https://zakupki.gov.ru/223/filestore/public/1.0/download/fz223/file.html?uid=3C925CE100F245DF8AFF7618CA406641","downloaded","data/raw/zakupki-docai-6m-doc-files-browser/2026-05-30-docai-6m/32615878966/Документация_.docx","119280","Документация_.docx"
"32615878966","no","Документация_.docx","https://zakupki.gov.ru/223/filestore/public/1.0/download/fz223/file.html?uid=3397DE95744948A580B193F6202D5642","downloaded","data/raw/zakupki-docai-6m-doc-files-browser/2026-05-30-docai-6m/32615878966/Документация_-2.docx","119346","Документация_.docx"
"32615878966","no","Протокол итогов.docx","https://zakupki.gov.ru/223/filestore/public/1.0/download/fz223/file.html?uid=73381782FAE94F7F9ABAE9885CAF2D20","downloaded","data/raw/zakupki-docai-6m-doc-files-browser/2026-05-30-docai-6m/32615878966/Протокол_итогов.docx","23703","Протокол_итогов.docx"
"32615878966","no","Протокол рассмотрения заявок (1).docx","https://zakupki.gov.ru/223/filestore/public/1.0/download/fz223/file.html?uid=B5AFD237319D4C05925EE7877BDD0D0F","downloaded","data/raw/zakupki-docai-6m-doc-files-browser/2026-05-30-docai-6m/32615878966/Протокол_рассмотрения_заявок_(1).docx","28973","Протокол_рассмотрения_заявок_(1).docx"
"32615878966","no","32615878966 Протокол рассмотрения первых частей заявок лот №1.docx","https://zakupki.gov.ru/223/filestore/public/1.0/download/fz223/file.html?uid=6BE9A54ECB0841FFA51B00E827212245","downloaded","data/raw/zakupki-docai-6m-doc-files-browser/2026-05-30-docai-6m/32615878966/32615878966_Протокол_рассмотрения_первых_частей_заявок_лот_№1.docx","11741","32615878966_Протокол_рассмотрения_первых_частей_заявок_лот_№1.docx"
"32615866713","no","Протокол","https://zakupki.gov.ru/223/filestore/public/1.0/download/fz223/file.html?uid=C954A8B3CAE54BEE91F36A67A4E5BE1B","downloaded","data/raw/zakupki-docai-6m-doc-files-browser/2026-05-30-docai-6m/32615866713/Протокол.pdf","467892","Протокол.pdf"
"32615866713","no","Извещение и документация","https://zakupki.gov.ru/223/filestore/public/1.0/download/fz223/file.html?uid=16D3232FE9834AF593572BC4192C8494","downloaded","data/raw/zakupki-docai-6m-doc-files-browser/2026-05-30-docai-6m/32615866713/Извещение_и_документация.pdf","1850686","Извещение_и_документация.pdf"
"32615742791","no","Документация АЭФ - Изготовление абатментов и ортопед. конструкций 2026.docx","https://zakupki.gov.ru/223/filestore/public/1.0/download/fz223/file.html?uid=7D74ED546FC44A5FB0D454384337A7FF","downloaded","data/raw/zakupki-docai-6m-doc-files-browser/2026-05-30-docai-6m/32615742791/Документация_АЭФ_-_Изготовление_абатментов_и_ортопед._конструкций_2026.docx","175622","Документация_АЭФ_-_Изготовление_абатментов_и_ортопед._конструкций_2026.docx"
"32615742791","no","Протокол_подведения_итогов_аукциона_МСП_(системный).docx_с_данными_эл.подписей.pdf","https://zakupki.gov.ru/223/filestore/public/1.0/download/fz223/file.html?uid=4527C732C5BE498982503817F9422C3B","downloaded","data/raw/zakupki-docai-6m-doc-files-browser/2026-05-30-docai-6m/32615742791/Протокол_подведения_итогов_аукциона_МСП_(системный).docx_с_данными_эл.подписей.pdf","130749","Протокол_подведения_итогов_аукциона_МСП_(системный).docx_с_данными_эл.подписей.pdf"
"32615742791","no","Протокол_подачи_ценовых_предложений_аукциона_(системный).docx","https://zakupki.gov.ru/223/filestore/public/1.0/download/fz223/file.html?uid=A9906491D6ED49DEA0F086CDAE54F0F1","downloaded","data/raw/zakupki-docai-6m-doc-files-browser/2026-05-30-docai-6m/32615742791/Протокол_подачи_ценовых_предложений_аукциона_(системный).docx","18262","Протокол_подачи_ценовых_предложений_аукциона_(системный).docx"
"32615742791","no","Протокол_рассмотрения_первых_частей_заявок_на_участие_в_аукционе_(допущено_1_или_более)_(системный).docx_с_данными_эл.подписей.pdf","https://zakupki.gov.ru/223/filestore/public/1.0/download/fz223/file.html?uid=5165BC33C4C74FA6AECF29AC6824EE5A","downloaded","data/raw/zakupki-docai-6m-doc-files-browser/2026-05-30-docai-6m/32615742791/Протокол_рассмотрения_первых_частей_заявок_на_участие_в_аукционе_(допущено_1_или_более)_(системный).docx_с_данными_эл.подписей.pdf","134670","Протокол_рассмотрения_первых_частей_заявок_на_участие_в_аукционе_(допущено_1_или_более)_(системный).docx_с_данными_эл.подписей.pdf"
"32515583482","no","извещение-документация","https://zakupki.gov.ru/223/filestore/public/1.0/download/fz223/file.html?uid=62642F21003749C391A67245A269E29A","downloaded","data/raw/zakupki-docai-6m-doc-files-browser/2026-05-30-docai-6m/32515583482/извещение-документация.doc","66048","извещение-документация.doc"
"32515583482","no","протокол","https://zakupki.gov.ru/223/filestore/public/1.0/download/fz223/file.html?uid=286445EE15EA470BAA55D8D126B08898","downloaded","data/raw/zakupki-docai-6m-doc-files-browser/2026-05-30-docai-6m/32515583482/протокол.doc","32256","протокол.doc"
"32515583482","no","проект договора","https://zakupki.gov.ru/223/filestore/public/1.0/download/fz223/file.html?uid=D014B737A1E24B9A908A3AA4F7A2D2D7","downloaded","data/raw/zakupki-docai-6m-doc-files-browser/2026-05-30-docai-6m/32515583482/проект_договора.doc","131584","проект_договора.doc"
"0190200000325015669","no","Приложение 2 Обоснование НМЦК.docx.zip","https://zakupki.gov.ru/44fz/filestore/public/1.0/download/priz/file.html?uid=BA72813FBB7641D2AE5A5FD86D872C3B","downloaded","data/raw/zakupki-docai-6m-doc-files-browser/2026-05-30-docai-6m/0190200000325015669/Приложение_2_Обоснование_НМЦК.docx.zip","107147","Приложение_2_Обоснование_НМЦК.docx.zip"
"0190200000325015669","no","Проект контракта_СМП.docx.zip","https://zakupki.gov.ru/44fz/filestore/public/1.0/download/priz/file.html?uid=837343BF85E6449887A1CA8442C81B76","downloaded","data/raw/zakupki-docai-6m-doc-files-browser/2026-05-30-docai-6m/0190200000325015669/Проект_контракта_СМП.docx.zip","239437","Проект_контракта_СМП.docx.zip"
"0190200000325015669","yes","Приложение 1 Описание.docx.zip","https://zakupki.gov.ru/44fz/filestore/public/1.0/download/priz/file.html?uid=27972E777D504DD2BE4A29B718668DE5","downloaded","data/raw/zakupki-docai-6m-doc-files-browser/2026-05-30-docai-6m/0190200000325015669/Приложение_1_Описание.docx.zip","27086","Приложение_1_Описание.docx.zip"
"0190200000325015669","no","Приложение 3 Требования к заявке, инструкция.docx.zip","https://zakupki.gov.ru/44fz/filestore/public/1.0/download/priz/file.html?uid=FBB4144F432A4AFB907E5A18CEAB3E63","downloaded","data/raw/zakupki-docai-6m-doc-files-browser/2026-05-30-docai-6m/0190200000325015669/Приложение_3_Требования_к_заявке,_инструкция.docx.zip","137536","Приложение_3_Требования_к_заявке,_инструкция.docx.zip"
"0190200000325015669","no","Электронный документ, полученный из внешней системы","https://zakupki.gov.ru/44fz/filestore/public/1.0/download/priz/file.html?uid=8E540DC38517488DB089B3826E1EEE65","downloaded","data/raw/zakupki-docai-6m-doc-files-browser/2026-05-30-docai-6m/0190200000325015669/Электронный_документ,_полученный_из_внешней_системы.docx","18497","Электронный_документ,_полученный_из_внешней_системы.docx"
