tender_id,tenderguru_card_id,customer,budget_rub,niche,product_category,opportunity_title,problem,requested_solution,ai_terms,modules,scenarios,integrations,constraints,mvp_opportunity,target_buyers,reuse_score,complexity,evidence_files,product_card
"131200001026002754","","МИНИСТЕРСТВО ПО РЕГУЛИРОВАНИЮ КОНТРАКТНОЙ СИСТЕМЫ В СФЕРЕ ЗАКУПОК ВОРОНЕЖСКОЙ ОБЛАСТИ","186696","ai_general","software_services","2026-03030 Оказание услуг по предоставлению доступа к базе данных резюме с возможностью просмотра контактной информации ","Настоящий Контракт предусматривает право Заказчика по согласованию с Исполнителем в ходе исполнения Контракта изменить не более чем на десять процентов объем предусмотренных Контрактом оказываемых Услуг. При оказании дополнительного объема таких Услуг Заказчик по согласованию с Исполнителем вправе изменить первоначальную цену Контракта, пропорционально дополнительному объему таких Услуг, исходя из установленной в Контракте цены Услуг, но не более чем на десять процентов такой цены Контракта, а при внесении соответствующих изменений в контракт в связи с сокращением объема оказываемых Услуг Заказчик обязан изменить цену Контракта указанным образом. Настоящий Контракт предусматривает право Заказчика по согласованию с Исполнителем в ходе исполнения Контракта изменить не более чем на десять процентов объем предусмотренных Контрактом оказываемых Услуг. При оказании дополнительного объема таких Услуг Заказчик по согласованию с Исполнителем вправе изменить первоначальную цену Контракта, пропорционально дополнительному объему таких Услуг, исходя из установленной в Контракте цены Услуг, но не более чем на десять процентов такой цены Контракта, а при внесении соответствующих изменений в контракт в связи с сокращением объема оказываемых Услуг Заказчик обязан изменить цену Контракта указанным образом.","2026-03030 Оказание услуг по предоставлению доступа к базе данных резюме с возможностью просмотра контактной информации соискателя с использованием API и публикациями вакансий Ключевые элементы: chat_ui, integration, monitoring_support.","","chat_ui; integration; monitoring_support","","портал/внешний сайт","personal_data; sla_24x7; on_prem_hardware","Discovery MVP: быстрый пилот на одном процессе с измерением экономического эффекта и повторяемости.","компании с ИИ/автоматизацией в закупках; региональные и муниципальные заказчики","medium","medium","data/raw/tenderguru/2026-05-25/docs-missing/131200001026002754/derived-2-001-prilozhenie-3-opisanie-obekta-zakupki-3030.docx.txt | data/raw/tenderguru/2026-05-25/docs-missing/131200001026002754/derived-1-001-file.html.docx.txt | data/raw/tenderguru/2026-05-25/docs-missing/131200001026002754/doc-002-file.html.txt | data/raw/tenderguru/2026-05-25/docs-missing/131200001026002754/doc-004-file.html.txt | data/raw/tenderguru/2026-05-25/docs-missing/131200001026002754/derived-2-001-prilozhenie-1-proekt-kontrakta-3030.docx.txt","data/analysis/2026-05-25/docs-missing-analysis/product-cards/131200001026002754.md"
"131200001026002857","","МИНИСТЕРСТВО ПО РЕГУЛИРОВАНИЮ КОНТРАКТНОЙ СИСТЕМЫ В СФЕРЕ ЗАКУПОК ВОРОНЕЖСКОЙ ОБЛАСТИ","4000000","ai_general","medical_ai_support","Сопровождение медицинских AI-компонентов в защищенном контуре","Целью выполнения работ является обеспечение бесперебойного функционирования функционального компонента «MedicBK» в составе подсистемы «Интегрирования электронная медицинская карта» ГИС ВО «РС ЕГИСЗ ВО», с коэффициентом готовности 0,996 сотрудников медицинских организаций Воронежской области и обеспечения комплексного подхода при лечении пациентов. В течение периода выполнения работ по технической поддержке Исполнитель по инициативе Заказчика проводит обучающие семинары для сотрудников медицинских организаций по вопросам, непосредственно связанным с функционалом и работой «MedikBK», предназначенных для работы медицинского персонала в объёме не реже одного раза в квартал. Целью выполнения работ является обеспечение бесперебойного функционирования функционального компонента «MedicBK» в составе подсистемы «Интегрирования электронная медицинская карта» ГИС ВО «РС ЕГИСЗ ВО», с коэффициентом готовности 0,996 сотрудников медицинских организаций Воронежской области и обеспечения комплексного подхода при лечении пациентов. В течение периода выполнения работ по технической поддержке Исполнитель по инициативе Заказчика проводит обучающие семинары для сотрудников медицинских организаций по вопросам, непосредственно связанным с функционалом и работой «MedikBK», предназначенных для работы медицинского персонала в объёме не реже одного раза в квартал. Целью выполнения работ является обеспечение бесперебойного функционирования функционального компонента «MedicBK» в составе подсистемы «Интегрирования электронная медицинская карта» ГИС ВО «РС ЕГИСЗ ВО», с коэффициентом готовности 0,996 сотрудников медицинских организаций Воронежской области и обеспечения комплексного подхода при лечении пациентов.","Сопровождение и поддержка медицинского AI-компонента: мониторинг, обновления, диагностика, исправление ошибок, обучение пользователей и соблюдение требований защищенного контура. Ключевые элементы: chat_ui, integration, monitoring_support, information_security, классификация.","классификация","chat_ui; integration; monitoring_support; information_security","Выполнение работ по технической поддержке функционального компонента «MedicBK» должны включать службу технической поддержки, обеспечивающую: | Требования к службе технической поддержки | Все обращения в службу технической поддержки Исполнителя, полученные по электронной почте и иным каналам связи, должны фиксироваться в Системе СТП Заказчика. | Обращения в Систему СТП Заказчика должны обрабатываться специалистами Исполнителя в порядке их поступления. Вне очереди обрабатываются обращения, требующие экстренного вмешательства или срочной консультации специалистов службы технической поддержки Исполнителя. | В случае, если обращение связано с некорректной работой серверного оборудования Заказчика, специалисты службы технической поддержки Исполнителя передают соответствующую информацию Заказчику. | Количество обращений в службу технической поддержки Исполнителя - не ограничено в течении срока действия контракта. | В случае обнаружения ошибок в программном обеспечении компонента «MedikBK», которые препятствуют его применению в рамках заявленных при установке функций, Представители Заказчика сообщают об этом в службу технической поддержки Исполнителя. | Обращение в службу технической поддержки Исполнителя в части исправления ошибок, выявленных в процессе эксплуатации компонента «MedikBK», считается закрытым после подтверждения Представителем Заказчика.","","closed_contour; information_security; personal_data; critical_infrastructure; domestic_registry; sla_24x7; on_prem_hardware","Managed AI support desk for healthcare AI systems: мониторинг, SLA, база знаний ошибок, регламент обновлений, обучение пользователей и compliance-пакет для защищенных медсистем.","региональные минздравы; медицинские ИТ-операторы; клиники с PACS/RIS/LIS; разработчики медицинского ПО; региональные и муниципальные заказчики","low","medium","data/raw/tenderguru/2026-05-25/docs-missing/131200001026002857/derived-2-001-prilozhenie-3-opisanie-obekta-zakupki_3187.docx.txt | data/raw/tenderguru/2026-05-25/docs-missing/131200001026002857/doc-002-file.html.txt | data/raw/tenderguru/2026-05-25/docs-missing/131200001026002857/derived-1-001-file.html.docx.txt | data/raw/tenderguru/2026-05-25/docs-missing/131200001026002857/derived-2-001-utverzhdenie-konkurs-48997889.docx.txt | data/raw/tenderguru/2026-05-25/docs-missing/131200001026002857/doc-004-file.html.txt | data/raw/tenderguru/2026-05-25/docs-missing/131200001026002857/doc-006-file.html.txt | data/raw/tenderguru/2026-05-25/docs-missing/131200001026002857/derived-1-001-file.html.txt | data/raw/tenderguru/2026-05-25/docs-missing/131200001026002857/doc-008-file.html.txt | data/raw/tenderguru/2026-05-25/docs-missing/131200001026002857/derived-2-001-prilozhenie-1-proekt-kontrakta_3187.docx.txt","data/analysis/2026-05-25/docs-missing-analysis/product-cards/131200001026002857.md"
"131200001026002858","","МИНИСТЕРСТВО ПО РЕГУЛИРОВАНИЮ КОНТРАКТНОЙ СИСТЕМЫ В СФЕРЕ ЗАКУПОК ВОРОНЕЖСКОЙ ОБЛАСТИ","3000000","process_automation","medical_ai_support","Сопровождение медицинских AI-компонентов в защищенном контуре","Целью выполнения работ является обеспечение бесперебойного функционирования функционального компонента «Цельс» подсистем ЛИ и ЦАМИ ГИС ВО «РС ЕГИСЗ ВО» с коэффициентом готовности 0,996, включая техническое сопровождение и информационную поддержку сотрудников МО Воронежской области и обеспечения комплексного подхода при лечении и наблюдении пациентов, автоматизация процессов анализа результатов исследований и сбора статистических данных. В течение срока выполнения работ по технической поддержке Исполнитель по инициативе Заказчика проводит обучающие семинары для сотрудников медицинских организаций по вопросам, непосредственно связанным с функционалом и работой программного обеспечения «Цельс», в объёме не реже одного раза в квартал. Целью выполнения работ является обеспечение бесперебойного функционирования функционального компонента «Цельс» подсистем ЛИ и ЦАМИ ГИС ВО «РС ЕГИСЗ ВО» с коэффициентом готовности 0,996, включая техническое сопровождение и информационную поддержку сотрудников МО Воронежской области и обеспечения комплексного подхода при лечении и наблюдении пациентов, автоматизация процессов анализа результатов исследований и сбора статистических данных. В течение срока выполнения работ по технической поддержке Исполнитель по инициативе Заказчика проводит обучающие семинары для сотрудников медицинских организаций по вопросам, непосредственно связанным с функционалом и работой программного обеспечения «Цельс», в объёме не реже одного раза в квартал. Целью выполнения работ является обеспечение бесперебойного функционирования функционального компонента «Цельс» подсистем ЛИ и ЦАМИ ГИС ВО «РС ЕГИСЗ ВО» с коэффициентом готовности 0,996, включая техническое сопровождение и информационную поддержку сотрудников МО Воронежской области и обеспечения комплексного подхода при лечении и наблюдении пациентов, автоматизация процессов анализа результатов исследований и сбора статистических данных.","Сопровождение и поддержка медицинского AI-компонента: мониторинг, обновления, диагностика, исправление ошибок, обучение пользователей и соблюдение требований защищенного контура. Ключевые элементы: chat_ui, integration, monitoring_support, information_security, process_automation, computer_vision, классификация.","классификация","chat_ui; integration; monitoring_support; information_security; process_automation; computer_vision","Работы по технической поддержке должны включать информационную службу технической поддержки, обеспечивающую: | мониторинг работоспособности, устранение ошибок и сбоев в работе функционального компонента; | Требования к службе технической поддержки | Служба технической поддержки Исполнителя должна выполнять работы по технической и методологической поддержке пользователей функционального компонента «Цельс». | Все обращения в службу технической поддержки Исполнителя, полученные по электронной почте и иным каналам связи, должны фиксироваться Исполнителем в Системе СТП Заказчика. | Обращения в Систему СТП Заказчика должны обрабатываться специалистами Исполнителя в порядке их поступления. Вне очереди обрабатываются обращения, требующие экстренного вмешательства или срочной консультации специалистов службы технической поддержки Исполнителя. | В случае, если обращение связано с некорректной работой серверного оборудования Заказчика или оборудования медицинских организаций области в части функционирования компонента «Цельс», специалисты службы технической поддержки Исполнителя передают соответствующую информацию Заказчику. | Количество обращений в службу технической поддержки Исполнителя - не ограничено в течении срока действия контракта.","","closed_contour; information_security; personal_data; critical_infrastructure; domestic_registry; sla_24x7; on_prem_hardware","Managed AI support desk for healthcare AI systems: мониторинг, SLA, база знаний ошибок, регламент обновлений, обучение пользователей и compliance-пакет для защищенных медсистем.","региональные минздравы; медицинские ИТ-операторы; клиники с PACS/RIS/LIS; разработчики медицинского ПО; региональные и муниципальные заказчики","low","medium","data/raw/tenderguru/2026-05-25/docs-missing/131200001026002858/derived-2-001-prilozhenie-3-opisanie-obekta-zakupki_3194.docx.txt | data/raw/tenderguru/2026-05-25/docs-missing/131200001026002858/derived-1-001-file.html.docx.txt | data/raw/tenderguru/2026-05-25/docs-missing/131200001026002858/doc-002-file.html.txt | data/raw/tenderguru/2026-05-25/docs-missing/131200001026002858/derived-2-001-utverzhdenie-konkurs-48997886.docx.txt | data/raw/tenderguru/2026-05-25/docs-missing/131200001026002858/doc-004-file.html.txt | data/raw/tenderguru/2026-05-25/docs-missing/131200001026002858/derived-1-001-file.html.txt | data/raw/tenderguru/2026-05-25/docs-missing/131200001026002858/doc-006-file.html.txt | data/raw/tenderguru/2026-05-25/docs-missing/131200001026002858/doc-008-file.html.txt | data/raw/tenderguru/2026-05-25/docs-missing/131200001026002858/derived-2-001-prilozhenie-5-poryadok-rassmotreniya-i-ocenki-zayavok-na-uchastie-v-konkurse_3194.docx.txt | data/raw/tenderguru/2026-05-25/docs-missing/131200001026002858/derived-2-001-prilozhenie-1-proekt-kontrakta_3194.docx.txt","data/analysis/2026-05-25/docs-missing-analysis/product-cards/131200001026002858.md"
"131200001026002883","","МИНИСТЕРСТВО ПО РЕГУЛИРОВАНИЮ КОНТРАКТНОЙ СИСТЕМЫ В СФЕРЕ ЗАКУПОК ВОРОНЕЖСКОЙ ОБЛАСТИ","1200000","ai_general","medical_ai_support","Сопровождение медицинских AI-компонентов в защищенном контуре","Целью выполнения работ является обеспечение бесперебойного функционирования компонента «ТОП–3» в составе подсистемы «Интегрирования электронная медицинская карта» ГИС ВО «РС ЕГИСЗ ВО» с коэффициентом готовности 0,996, включая информационную поддержку сотрудников медицинских организаций Воронежской области и обеспечения комплексного подхода при лечении пациентов. В течение периода выполнения работ по технической поддержке Исполнитель по инициативе Заказчика в удаленном режиме проводит обучающие семинары для сотрудников медицинских организаций по вопросам, непосредственно связанным с функционалом и работой компонента «ТОП-3», предназначенных для работы медицинского персонала в объёме не реже одного раза в квартал. Целью выполнения работ является обеспечение бесперебойного функционирования компонента «ТОП–3» в составе подсистемы «Интегрирования электронная медицинская карта» ГИС ВО «РС ЕГИСЗ ВО» с коэффициентом готовности 0,996, включая информационную поддержку сотрудников медицинских организаций Воронежской области и обеспечения комплексного подхода при лечении пациентов. В течение периода выполнения работ по технической поддержке Исполнитель по инициативе Заказчика в удаленном режиме проводит обучающие семинары для сотрудников медицинских организаций по вопросам, непосредственно связанным с функционалом и работой компонента «ТОП-3», предназначенных для работы медицинского персонала в объёме не реже одного раза в квартал. Целью выполнения работ является обеспечение бесперебойного функционирования компонента «ТОП–3» в составе подсистемы «Интегрирования электронная медицинская карта» ГИС ВО «РС ЕГИСЗ ВО» с коэффициентом готовности 0,996, включая информационную поддержку сотрудников медицинских организаций Воронежской области и обеспечения комплексного подхода при лечении пациентов.","Сопровождение и поддержка медицинского AI-компонента: мониторинг, обновления, диагностика, исправление ошибок, обучение пользователей и соблюдение требований защищенного контура. Ключевые элементы: chat_ui, integration, monitoring_support, information_security, классификация.","классификация","chat_ui; integration; monitoring_support; information_security","Выполнение работ по технической поддержке должны включать службу технической поддержки, обеспечивающую: | Требования к службе технической поддержки | Все обращения в службу технической поддержки Исполнителя, полученные по электронной почте и иным каналам связи, должны фиксироваться в Системе СТП Заказчика. | Обращения в Систему СТП Заказчика должны обрабатываться специалистами Исполнителя в порядке их поступления. Вне очереди обрабатываются обращения, требующие экстренного вмешательства или срочной консультации специалистов службы технической поддержки Исполнителя. | В случае, если обращение связано с некорректной работой серверного оборудования Заказчика, специалисты службы технической поддержки Исполнителя передают соответствующую информацию Заказчику. | Количество обращений в службу технической поддержки Исполнителя - не ограничено в течении срока действия контракта. | В случае обнаружения ошибок в программном обеспечении компонента «ТОП-3», которые препятствуют его применению в рамках заявленных при установке функций, Представители Заказчика сообщают об этом в службу технической поддержки Исполнителя. | Обращение в службу технической поддержки Исполнителя в части исправления ошибок, выявленных в процессе эксплуатации компонента «ТОП-3», считается закрытым после подтверждения Представителем Заказчика.","","closed_contour; information_security; personal_data; critical_infrastructure; domestic_registry; sla_24x7; on_prem_hardware","Managed AI support desk for healthcare AI systems: мониторинг, SLA, база знаний ошибок, регламент обновлений, обучение пользователей и compliance-пакет для защищенных медсистем.","региональные минздравы; медицинские ИТ-операторы; клиники с PACS/RIS/LIS; разработчики медицинского ПО; региональные и муниципальные заказчики","low","medium","data/raw/tenderguru/2026-05-25/docs-missing/131200001026002883/derived-2-001-prilozhenie-3-opisanie-obekta-zakupki_3249.docx.txt | data/raw/tenderguru/2026-05-25/docs-missing/131200001026002883/derived-1-001-file.html.docx.txt | data/raw/tenderguru/2026-05-25/docs-missing/131200001026002883/doc-002-file.html.txt | data/raw/tenderguru/2026-05-25/docs-missing/131200001026002883/derived-2-001-utverzhdenie-konkurs-49007270.docx.txt | data/raw/tenderguru/2026-05-25/docs-missing/131200001026002883/doc-004-file.html.txt | data/raw/tenderguru/2026-05-25/docs-missing/131200001026002883/derived-1-001-file.html.txt | data/raw/tenderguru/2026-05-25/docs-missing/131200001026002883/doc-006-file.html.txt | data/raw/tenderguru/2026-05-25/docs-missing/131200001026002883/doc-008-file.html.txt | data/raw/tenderguru/2026-05-25/docs-missing/131200001026002883/derived-2-001-prilozhenie-5-poryadok-rassmotreniya-i-ocenki-zayavok-na-uchastie-v-konkurse_3249.docx.txt | data/raw/tenderguru/2026-05-25/docs-missing/131200001026002883/derived-2-001-prilozhenie-1-proekt-kontrakta_3249.docx.txt","data/analysis/2026-05-25/docs-missing-analysis/product-cards/131200001026002883.md"
"149200002326002414","","КОМИТЕТ ПО КОНКУРЕНТНОЙ ПОЛИТИКЕ МУРМАНСКОЙ ОБЛАСТИ","3849684","ai_general","medical_ai_support","Сопровождение медицинских AI-компонентов в защищенном контуре","повышение эффективности и надёжности функционирования; повышение качества и актуальности информации, обрабатываемой СППВР «Webiomed». повышение эффективности и надёжности функционирования; повышение качества и актуальности информации, обрабатываемой СППВР «Webiomed». повышение эффективности и надёжности функционирования;","Сопровождение и поддержка медицинского AI-компонента: мониторинг, обновления, диагностика, исправление ошибок, обучение пользователей и соблюдение требований защищенного контура. Ключевые элементы: chat_ui, integration, monitoring_support, information_security, распознавание.","распознавание","chat_ui; integration; monitoring_support; information_security","Сбор и отправка данных на основании выгрузки вновь обратившихся пациентов за медицинской помощью в МО для обеспечения групповой оценки риска по выбранному перечню пациентов. Данный сценарий использования сервиса позволяет ежедневно отслеживать изменение динамики по пациентам. | Оказание услуг по технической поддержке СППВР «Webiomed». | Установка обновлений СППВР «Webiomed» в рамках устранения ошибок, корректировки алгоритмов расчета, расширения функциональности ПО. | обеспечение непрерывной информационно-технической поддержки пользователей; | В Webiomed.Connect реализовано два сценария использования: | Требования к обработке обращений Заказчика Службой технической поддержки Исполнителя | Для обращения в Службу технической поддержки Исполнителя предусмотрены следующие способы (каналы) обращений: | Обращение осуществляется путем написания электронного письма на официальный адрес Службы технической поддержки Исполнителя;","","information_security; personal_data; critical_infrastructure; sla_24x7; on_prem_hardware","Managed AI support desk for healthcare AI systems: мониторинг, SLA, база знаний ошибок, регламент обновлений, обучение пользователей и compliance-пакет для защищенных медсистем.","региональные минздравы; медицинские ИТ-операторы; клиники с PACS/RIS/LIS; разработчики медицинского ПО; региональные и муниципальные заказчики","low","medium","data/raw/tenderguru/2026-05-25/docs-missing/149200002326002414/derived-2-001-opisanie-obekta-zakupki.docx.txt | data/raw/tenderguru/2026-05-25/docs-missing/149200002326002414/derived-1-001-file.html.docx.txt | data/raw/tenderguru/2026-05-25/docs-missing/149200002326002414/doc-002-file.html.txt | data/raw/tenderguru/2026-05-25/docs-missing/149200002326002414/doc-004-file.html.txt | data/raw/tenderguru/2026-05-25/docs-missing/149200002326002414/derived-1-001-file.html.txt | data/raw/tenderguru/2026-05-25/docs-missing/149200002326002414/doc-006-file.html.txt | data/raw/tenderguru/2026-05-25/docs-missing/149200002326002414/derived-2-001-obosnovanie-nmck.docx.txt | data/raw/tenderguru/2026-05-25/docs-missing/149200002326002414/derived-2-001-proekt-kontrakta.docx.txt","data/analysis/2026-05-25/docs-missing-analysis/product-cards/149200002326002414.md"
"173100005526000012","","","57874500","ai_general","medical_ai_support","Сопровождение медицинских AI-компонентов в защищенном контуре","должна обеспечивать повышение функциональности АИС «Росздравнадзор» при условии сохранения ранее разработанных функций и обеспечения совместимости существующих и разрабатываемых новых подсистем или внешних информационных ресурсов Системы; Развитие с последующим внедрением компонентов автоматизированной информационной системы Росздравнадзора и других информационных ресурсов Росздравнадзора в соответствии с изменениями в законодательстве в части исполнения государственных функций, оказания государственных услуг и внутрихозяйственной деятельности при исключении, дополнении и внесении изменений в полномочия Росздравнадзора, а также повышение производительности, надежности и безопасности работы информационных ресурсов. Модернизация проводится для АИС «Росздравнадзора» версий 1.0. и 2.0. центрального аппарата и территориальных органов. Развитие с последующим внедрением компонентов автоматизированной информационной системы Росздравнадзора и других информационных ресурсов Росздравнадзора в соответствии с изменениями в законодательстве в части исполнения государственных функций, оказания государственных услуг и внутрихозяйственной деятельности при исключении, дополнении и внесении изменений в полномочия Росздравнадзора, а также повышение производительности, надежности и безопасности работы информационных ресурсов. Модернизация проводится для АИС «Росздравнадзора» на Платформе «ГосТех» Центрального аппарата Росздравнадзора и территориальных органов Росздравнадзора по субъектам Российской Федерации. должна обеспечивать повышение функциональности АИС «Росздравнадзор» при условии сохранения ранее разработанных функций и обеспечения совместимости существующих и разрабатываемых новых подсистем или внешних информационных ресурсов Системы; Развитие с последующим внедрением компонентов автоматизированной информационной системы Росздравнадзора и других информационных ресурсов Росздравнадзора в соответствии с изменениями в законодательстве в части исполнения государственных функций, оказания государственных услуг и внутрихозяйственной деятельности при исключении, дополнении и внесении изменений в полномочия Росздравнадзора, а также повышение производительности, надежности и безопасности работы информационных ресурсов. Модернизация проводится для АИС «Росздравнадзора» версий 1.0. и 2.0. центрального аппарата и территориальных органов.","Сопровождение и поддержка медицинского AI-компонента: мониторинг, обновления, диагностика, исправление ошибок, обучение пользователей и соблюдение требований защищенного контура. Ключевые элементы: chat_ui, integration, monitoring_support, information_security, классификация.","классификация","chat_ui; integration; monitoring_support; information_security","наличия настроек на автоматическое выполнение отдельных процедур при выполнении определенного сценария; | Реализовать мониторинг статусов при отправке сведений о предоставлении/внесении изменений в лицензии в ЛК ЕПГУ и повторное направление при негативном сценарии.","портал/внешний сайт","information_security; personal_data; critical_infrastructure","Managed AI support desk for healthcare AI systems: мониторинг, SLA, база знаний ошибок, регламент обновлений, обучение пользователей и compliance-пакет для защищенных медсистем.","региональные минздравы; медицинские ИТ-операторы; клиники с PACS/RIS/LIS; разработчики медицинского ПО","low","medium","data/raw/tenderguru/2026-05-25/docs-missing/173100005526000012/derived-2-001-83530695tz-ais-razvitie-2026.docx.txt | data/raw/tenderguru/2026-05-25/docs-missing/173100005526000012/derived-1-001-file.html.docx.txt | data/raw/tenderguru/2026-05-25/docs-missing/173100005526000012/doc-002-file.html.txt","data/analysis/2026-05-25/docs-missing-analysis/product-cards/173100005526000012.md"
"173100012026000005","","ФЕДЕРАЛЬНАЯ АНТИМОНОПОЛЬНАЯ СЛУЖБА","52581600","llm_assistant","gov_regulatory_analytics","Эксплуатация и развитие аналитической ГИС с AI/ML","В рамках оказания услуг в соответствии с настоящим Техническим заданием (далее – ТЗ) должно обеспечиваться техническое сопровождение пользователей, поддержание штатной работоспособности государственной информационной системы по предупреждению, выявлению и пресечению ограничивающих конкуренцию соглашений «Антикартель» (далее – ГИС «Антикартель», Система). Федеральная антимонопольная служба (ФАС России). Исполнитель определяется по результатам проведения процедуры закупки в соответствии с Федеральным законом от 05.04.2013 г. № 44-ФЗ «О контрактной системе в сфере закупок товаров, работ, услуг для обеспечения государственных и муниципальных нужд». В рамках оказания услуг в соответствии с настоящим Техническим заданием (далее – ТЗ) должно обеспечиваться техническое сопровождение пользователей, поддержание штатной работоспособности государственной информационной системы по предупреждению, выявлению и пресечению ограничивающих конкуренцию соглашений «Антикартель» (далее – ГИС «Антикартель», Система). Федеральная антимонопольная служба (ФАС России).","Эксплуатация и развитие аналитической ГИС: поддержка пользователей, мониторинг, администрирование, обработка запросов, защита информации и сопровождение ML/RAG/аналитических компонентов. Ключевые элементы: rag, llm_pipeline, chat_ui, document_ai, integration, monitoring_support, information_security, process_automation.","искусственный интеллект; машинное обучение; llm; большая языковая модель; rag; классификация","rag; llm_pipeline; chat_ui; document_ai; integration; monitoring_support; information_security; process_automation","для уведомлений, отправленных администраторами Системы, сотрудниками проведения обучения и технической поддержки; | подготовку и актуализацию обучающих материалов, сценариев демонстраций и ответов на типовые вопросы пользователей по функциональности Системы. | Техническая поддержка пользователей должна быть организована с выделением 1-й, 2-й и 3-й линий технической поддержки: | я линия – анализ обращений, требующих проверки функциональности Системы, консультации по сценариям работы, решение запросов на администрирование в пределах штатной функциональности; | мониторинг работоспособности Системы; | В рамках поддержания работоспособности и штатного функционирования Системы Исполнитель должен обеспечить мониторинг работоспособности Системы в объеме: | Мониторинг работоспособности Системы | Техническая поддержка пользователей организуется с выделением 1-й, 2-й и 3-й линий технической поддержки. Передача обращения между линиями поддержки осуществляется специалистами службы эксплуатации Исполнителя с фиксацией соответствующей информации в карточке запроса в СУЗ.","корпоративный мессенджер; портал/внешний сайт","information_security; personal_data; critical_infrastructure; sla_24x7","AI operations cockpit for regulatory analytics: мониторинг моделей/правил, обработка обращений, объяснимые отчеты, контроль SLA и база знаний по эксплуатации ГИС.","федеральные ведомства; регуляторы; контрольно-надзорные органы; госоператоры аналитических ГИС","low","medium","data/raw/tenderguru/2026-05-25/docs-missing/173100012026000005/derived-2-001-3.-opisanie-obekta-zakupki.docx.txt | data/raw/tenderguru/2026-05-25/docs-missing/173100012026000005/derived-1-001-file.html.docx.txt | data/raw/tenderguru/2026-05-25/docs-missing/173100012026000005/doc-002-file.html.txt | data/raw/tenderguru/2026-05-25/docs-missing/173100012026000005/doc-004-file.html.txt","data/analysis/2026-05-25/docs-missing-analysis/product-cards/173100012026000005.md"
"301300279326000054","","","420000","ai_general","medical_ai_support","Сопровождение медицинских AI-компонентов в защищенном контуре","Эффектом внедрения корпоративного портала должно стать повышение управляемости и эффективности рабочих процессов за счет создания информационной среды (хранилище неструктурированной информации, базы знаний, сервисы) и организации взаимодействия между сотрудниками различных подразделений. повышение эффективности и качества управления медицинской организации, путем систематизации информации, предоставления доступа сотрудников к ней, а также автоматизации описанных ниже возможностей; повышение эффективности сбора, мониторинга и анализа сведений в части автоматизируемых функций; повышение эффективности взаимодействия сотрудников и структурных подразделений.","Сопровождение и поддержка медицинского AI-компонента: мониторинг, обновления, диагностика, исправление ошибок, обучение пользователей и соблюдение требований защищенного контура. Ключевые элементы: chat_ui, integration, monitoring_support, information_security, process_automation, машинное обучение.","машинное обучение","chat_ui; integration; monitoring_support; information_security; process_automation","","портал/внешний сайт","information_security; personal_data; critical_infrastructure","Managed AI support desk for healthcare AI systems: мониторинг, SLA, база знаний ошибок, регламент обновлений, обучение пользователей и compliance-пакет для защищенных медсистем.","региональные минздравы; медицинские ИТ-операторы; клиники с PACS/RIS/LIS; разработчики медицинского ПО","low","medium","data/raw/tenderguru/2026-05-25/docs-missing/301300279326000054/derived-2-001-0.docx.txt","data/analysis/2026-05-25/docs-missing-analysis/product-cards/301300279326000054.md"
"321100005826000010","","УПРАВЛЕНИЕ ФЕДЕРАЛЬНОЙ СЛУЖБЫ ПО НАДЗОРУ В СФЕРЕ СВЯЗИ, ИНФОРМАЦИОННЫХ ТЕХНОЛОГИЙ И МАССОВЫХ КОММУНИКАЦИЙ ПО СЕВЕРО-КАВКАЗСКОМУ ФЕДЕРАЛЬНОМУ ОКРУГУ","197300","ai_general","enterprise_rag_llm_assistant","Защищенный корпоративный RAG/LLM-помощник","Нужен быстрый и управляемый доступ сотрудников/клиентов к знаниям, документам и сервисной информации через AI-канал.","LLM/RAG-помощник с чат-интерфейсом, базами знаний, document QA, суммаризацией, интеграциями с порталами/мессенджерами, closed-contour deployment и ИБ. Ключевые элементы: llm_pipeline, chat_ui, monitoring_support.","","llm_pipeline; chat_ui; monitoring_support","","","personal_data; on_prem_hardware","Secure RAG assistant: загрузка документов, векторная база, чат с источниками, summary/comparison/fact extraction, feedback, админка обновления базы и API для портала/мессенджера.","энергетика; инфраструктура; телеком; банки; страхование; промышленные холдинги; госуслуги","high","low","data/raw/tenderguru/2026-05-25/docs-missing/321100005826000010/derived-1-001-file.html.docx.txt | data/raw/tenderguru/2026-05-25/docs-missing/321100005826000010/derived-2-001-proekt-gk.docx.txt | data/raw/tenderguru/2026-05-25/docs-missing/321100005826000010/doc-002-file.html.txt","data/analysis/2026-05-25/docs-missing-analysis/product-cards/321100005826000010.md"
"358300050426000002","","ОТДЕЛ ОБРАЗОВАНИЯ АДМИНИСТРАЦИИ БАГАЕВСКОГО РАЙОНА РОСТОВСКОЙ ОБЛАСТИ","54638","ai_general","gov_regulatory_analytics","Эксплуатация и развитие аналитической ГИС с AI/ML","Нужно сопровождать аналитическую государственную систему для выявления нарушений и обработки обращений.","Эксплуатация и развитие аналитической ГИС: поддержка пользователей, мониторинг, администрирование, обработка запросов, защита информации и сопровождение ML/RAG/аналитических компонентов. Ключевые элементы: llm_pipeline, chat_ui, integration, monitoring_support, information_security, computer_vision, искусственный интеллект.","искусственный интеллект","llm_pipeline; chat_ui; integration; monitoring_support; information_security; computer_vision","Назначение сопровождения заключается в обеспечении информационного обслуживания и технической поддержки программного обеспечения для автоматического анализа цифровых медицинских ММГ, ФЛГ РГ-изображений, поддержания в актуальном состоянии версии программного обеспечения. | Исполнитель организует службу технической поддержки пользователей (СТП) посредством приема их обращений с помощью: | Служба технической поддержки Исполнителя, обеспечивающая выполнение операций в зоне ответственности Исполнителя | Консультационная поддержка специалистов МО (по телефону службы технической поддержки, электронной почте) и оперативное реагирование на вопросы, связанные с работой программного обеспечения.","портал/внешний сайт","information_security; personal_data; critical_infrastructure; domestic_registry; sla_24x7; on_prem_hardware","AI operations cockpit for regulatory analytics: мониторинг моделей/правил, обработка обращений, объяснимые отчеты, контроль SLA и база знаний по эксплуатации ГИС.","федеральные ведомства; регуляторы; контрольно-надзорные органы; госоператоры аналитических ГИС; региональные и муниципальные заказчики","low","medium","data/raw/tenderguru/2026-05-25/docs-missing/358300050426000002/derived-1-001-file.html.docx.txt | data/raw/tenderguru/2026-05-25/docs-missing/358300050426000002/doc-002-file.html.txt | data/raw/tenderguru/2026-05-25/docs-missing/358300050426000002/derived-2-001-prilozhenie-n2-proekt-kontrakta.docx.txt","data/analysis/2026-05-25/docs-missing-analysis/product-cards/358300050426000002.md"
"360100030526000746","","ФЕДЕРАЛЬНОЕ ГОСУДАРСТВЕННОЕ БЮДЖЕТНОЕ ОБРАЗОВАТЕЛЬНОЕ УЧРЕЖДЕНИЕ ВЫСШЕГО ОБРАЗОВАНИЯ ""САРАТОВСКИЙ ГОСУДАРСТВЕННЫЙ МЕДИЦИНСКИЙ УНИВЕРСИТЕТ ИМЕНИ В.И.РАЗУМОВСКОГО"" МИНИСТЕРСТВА ЗДРАВООХРАНЕНИЯ РОССИЙСКО","62835","ai_general","medical_ai_support","Сопровождение медицинских AI-компонентов в защищенном контуре","Дополнительная услуга Автоматизация обслуживания – это действия Общества, по дополнению функционала Услуги, позволяющие Клиенту автоматизировать процессы обслуживания при помощи технологий распознавания и синтеза речи с возможностью дополнительного применения технологий искусственного интеллекта. Дополнительная услуга Автоматизация обслуживания – это действия Общества, по дополнению функционала Услуги, позволяющие Клиенту автоматизировать процессы обслуживания при помощи технологий распознавания и синтеза речи с возможностью дополнительного применения технологий искусственного интеллекта. Дополнительная услуга Автоматизация обслуживания – это действия Общества, по дополнению функционала Услуги, позволяющие Клиенту автоматизировать процессы обслуживания при помощи технологий распознавания и синтеза речи с возможностью дополнительного применения технологий искусственного интеллекта.","Сопровождение и поддержка медицинского AI-компонента: мониторинг, обновления, диагностика, исправление ошибок, обучение пользователей и соблюдение требований защищенного контура. Ключевые элементы: chat_ui, integration, monitoring_support, process_automation.","","chat_ui; integration; monitoring_support; process_automation","IVR-сценарий – дополнительная услуга, позволяющая Абонентам создавать голосовое меню, построенное с использованием предварительно записанных голосовых сообщений (звуковых файлов). | SIP (Session Initiation Protocol) – протокол передачи данных, описывающий способ установления и завершения пользовательского интернет-соединения, включающего в себя обмен различными мультимедийными данными (видео- и аудиоконференция, мгновенные сообщения, и т.д.); | Клиентское коммутационное оборудование - (оконечное) телефонное и сетевое оборудование для потребления Дополнительной Услуги «SIP Trunk», например, IP- АТС, маршрутизатор с функциями VOIP телефонии и т.д; | Идентификатор сети передачи данных, DEF-идентификатор – код идентификации сети передачи данных, визуально идентичный DEF-номеру, присваиваемый Клиенту в рамках Услуги ВАТС с DEF-номером; | Возможность назначить прямой входящий номер для сценария IVR | Возможность принимать входящие вызовы с одновременной переадресацией на несколько внешних телефонных номеров. Вызовы на некоторые из них можно перенаправить на IVR-сценарии. | Сценарии автоматического обслуживания (IVR) | Возможность создания сценариев обслуживания любой сложности. Это могут быть автоинформаторы, системы распределения вызовов.","портал/внешний сайт","personal_data; domestic_registry; sla_24x7","Managed AI support desk for healthcare AI systems: мониторинг, SLA, база знаний ошибок, регламент обновлений, обучение пользователей и compliance-пакет для защищенных медсистем.","региональные минздравы; медицинские ИТ-операторы; клиники с PACS/RIS/LIS; разработчики медицинского ПО","low","medium","data/raw/tenderguru/2026-05-25/docs-missing/360100030526000746/derived-2-001-prilozhenie-n1-opisanie-obekta-zakupok.docx.txt | data/raw/tenderguru/2026-05-25/docs-missing/360100030526000746/derived-1-001-file.html.docx.txt | data/raw/tenderguru/2026-05-25/docs-missing/360100030526000746/doc-002-file.html.txt","data/analysis/2026-05-25/docs-missing-analysis/product-cards/360100030526000746.md"
"372200022226000040","","САНКТ-ПЕТЕРБУРГСКОЕ ГОСУДАРСТВЕННОЕ БЮДЖЕТНОЕ УЧРЕЖДЕНИЕ ЗДРАВООХРАНЕНИЯ ""ГОРОДСКАЯ ПОЛИКЛИНИКА №77 НЕВСКОГО РАЙОНА""","1989336","ai_general","medical_ai_support","Сопровождение медицинских AI-компонентов в защищенном контуре","Автоматизация рутинных операций рентгенолаборанта в РИС; Автоматизация рутинных операций рентгенолаборанта в РИС; Автоматизация рутинных операций рентгенолаборанта в РИС;","Сопровождение и поддержка медицинского AI-компонента: мониторинг, обновления, диагностика, исправление ошибок, обучение пользователей и соблюдение требований защищенного контура. Ключевые элементы: chat_ui, monitoring_support, information_security, computer_vision.","","chat_ui; monitoring_support; information_security; computer_vision","","портал/внешний сайт","information_security; personal_data; critical_infrastructure; domestic_registry; sla_24x7","Managed AI support desk for healthcare AI systems: мониторинг, SLA, база знаний ошибок, регламент обновлений, обучение пользователей и compliance-пакет для защищенных медсистем.","региональные минздравы; медицинские ИТ-операторы; клиники с PACS/RIS/LIS; разработчики медицинского ПО","low","medium","data/raw/tenderguru/2026-05-25/docs-missing/372200022226000040/derived-2-001-opisanie_obekta_zakupki-12-.docx.txt | data/raw/tenderguru/2026-05-25/docs-missing/372200022226000040/derived-1-001-file.html.docx.txt | data/raw/tenderguru/2026-05-25/docs-missing/372200022226000040/doc-002-file.html.txt","data/analysis/2026-05-25/docs-missing-analysis/product-cards/372200022226000040.md"
"373100072126000442","","ФЕДЕРАЛЬНОЕ ГОСУДАРСТВЕННОЕ БЮДЖЕТНОЕ НАУЧНОЕ УЧРЕЖДЕНИЕ ""РОССИЙСКИЙ НАУЧНЫЙ ЦЕНТР ХИРУРГИИ ИМЕНИ АКАДЕМИКА Б.В. ПЕТРОВСКОГО""","526533333","ai_general","medical_ai_support","Сопровождение медицинских AI-компонентов в защищенном контуре","Нужно обеспечить бесперебойную работу медицинского AI-компонента и поддержку пользователей.","Сопровождение и поддержка медицинского AI-компонента: мониторинг, обновления, диагностика, исправление ошибок, обучение пользователей и соблюдение требований защищенного контура. Ключевые элементы: chat_ui, monitoring_support, computer_vision.","","chat_ui; monitoring_support; computer_vision","","ЕГИСЗ/медицинские подсистемы","","Managed AI support desk for healthcare AI systems: мониторинг, SLA, база знаний ошибок, регламент обновлений, обучение пользователей и compliance-пакет для защищенных медсистем.","региональные минздравы; медицинские ИТ-операторы; клиники с PACS/RIS/LIS; разработчики медицинского ПО","low","medium","data/raw/tenderguru/2026-05-25/docs-missing/373100072126000442/derived-2-001-3.-opisanie-obekta-zakupki-na-sayt.docx.txt | data/raw/tenderguru/2026-05-25/docs-missing/373100072126000442/doc-004-file.html.txt","data/analysis/2026-05-25/docs-missing-analysis/product-cards/373100072126000442.md"
"375200045626000004","","ГОСУДАРСТВЕННОЕ БЮДЖЕТНОЕ УЧРЕЖДЕНИЕ РЕСПУБЛИКИ КРЫМ ""КРЫМСКИЙ МЕДИЦИНСКИЙ ИНФОРМАЦИОННО-АНАЛИТИЧЕСКИЙ ЦЕНТР""","2500000","ai_general","medical_ai_support","Сопровождение медицинских AI-компонентов в защищенном контуре","повышение уровня достоверности информации, полученной в результате анализа, проведенного средствами «Webiomed»: повышение уровня достоверности информации, полученной в результате анализа, проведенного средствами «Webiomed»: повышение уровня достоверности информации, полученной в результате анализа, проведенного средствами «Webiomed»: обеспечение бесперебойного функционирования обезличивания медицинских данных, содержащихся в электронных медицинских картах ЕМИСЗ РК, передаваемых в Webiomed для анализа; обеспечение бесперебойного автоматического анализа обезличенных данных с помощью «Webiomed», включая хранение, обработку и передачу для просмотра сотрудниками медицинских организаций;","Сопровождение и поддержка медицинского AI-компонента: мониторинг, обновления, диагностика, исправление ошибок, обучение пользователей и соблюдение требований защищенного контура. Ключевые элементы: integration, monitoring_support, классификация.","классификация","integration; monitoring_support","В Webiomed.Connect реализован следующий сценарий использования: Сбор и отправка данных на основании выгрузки всего перечня пациентов из ЕМИСЗ РК по заданной медицинской организации или по всем медицинским организациям. | Оказание услуг по техническому сопровождению ПО «Webiomed» и поддержке пользователей. | Проведение инструктажа пользователей в случаях изменения алгоритмов и/или пользовательского интерфейса «Webiomed». Темы, время проведения инструктажей и состав слушателей согласовываются с Заказчиком в рабочем порядке. | Обеспечение регулярной актуализации статистической информации и информационных ресурсов «Webiomed», регулярных обновлений «Webiomed» в рамках устранения ошибок, корректировки алгоритмов расчета, расширения функциональности Webiomed. | обеспечение информационно-технической поддержки пользователей Webiomed в порядке, предусмотренном пунктом 6.2 настоящего документа; | Отображения статистики по сценариям обращения к системе «Webiomed»; | Требования к обработке обращений Пользователей Службой технической поддержки Исполнителя. | Обращение в Службу технической поддержки Исполнителя считается закрытым после подтверждения Пользователем факта исправления ошибки или после истечения нормативного срока автоматического закрытия обращения.","портал/внешний сайт","personal_data; critical_infrastructure","Managed AI support desk for healthcare AI systems: мониторинг, SLA, база знаний ошибок, регламент обновлений, обучение пользователей и compliance-пакет для защищенных медсистем.","региональные минздравы; медицинские ИТ-операторы; клиники с PACS/RIS/LIS; разработчики медицинского ПО","low","medium","data/raw/tenderguru/2026-05-25/docs-missing/375200045626000004/derived-2-001-tehnicheskoe-zadanie-na-tp-sppvr-webiomed-eis.docx.txt | data/raw/tenderguru/2026-05-25/docs-missing/375200045626000004/derived-1-001-file.html.docx.txt | data/raw/tenderguru/2026-05-25/docs-missing/375200045626000004/doc-002-file.html.txt","data/analysis/2026-05-25/docs-missing-analysis/product-cards/375200045626000004.md"
"811500001126000021","","ГОСУДАРСТВЕННОЕ КАЗЕННОЕ УЧРЕЖДЕНИЕ ""ЦЕНТР ЦИФРОВОЙ ТРАНСФОРМАЦИИ РЕСПУБЛИКИ ТАТАРСТАН""","16900000","ai_general","enterprise_rag_llm_assistant","Защищенный корпоративный RAG/LLM-помощник","Термин, сокращение, обозначение повышение прозрачности, эффективности и качества процессов создания и модернизации информационных систем; повышение безопасности информации, обрабатываемой в информационных системах; Термин, сокращение, обозначение повышение прозрачности, эффективности и качества процессов создания и модернизации информационных систем;","LLM/RAG-помощник с чат-интерфейсом, базами знаний, document QA, суммаризацией, интеграциями с порталами/мессенджерами, closed-contour deployment и ИБ. Ключевые элементы: rag, llm_pipeline, chat_ui, integration, knowledge_base, monitoring_support, information_security, on_prem_llm.","классификация","rag; llm_pipeline; chat_ui; integration; knowledge_base; monitoring_support; information_security; on_prem_llm; process_automation","автоматизации процесса конфигурирования, сопровождения и технической поддержки информационных систем; | Контуры разработки, тестирования и интеграционный развертываются в Яндекс.Облаке с использованием infrastructure as code (Terraform) и автоматизированных сценариев (Ansible). Яндекс.Облако предоставляется Исполнителем. | Общее описание Системы по итогам модернизации (включая описание архитектуры Системы и сценариев взаимодействия компонентов Системы в рамках реализации той и иной функциональности);","портал/внешний сайт","closed_contour; information_security; personal_data; critical_infrastructure","Secure RAG assistant: загрузка документов, векторная база, чат с источниками, summary/comparison/fact extraction, feedback, админка обновления базы и API для портала/мессенджера.","энергетика; инфраструктура; телеком; банки; страхование; промышленные холдинги; госуслуги","high","high","data/raw/tenderguru/2026-05-25/docs-missing/811500001126000021/derived-2-001-n836914_opisanie_obekta_zakupki._tehnicheskoe_zadanie_izm._ot_12.05.2026.docx.txt | data/raw/tenderguru/2026-05-25/docs-missing/811500001126000021/derived-2-001-n836914_prilozhenie_1_k_kontraktu._tehnicheskoe_zadanie_izm._ot_12.05.2026.docx.txt | data/raw/tenderguru/2026-05-25/docs-missing/811500001126000021/derived-1-001-file.html.docx.txt | data/raw/tenderguru/2026-05-25/docs-missing/811500001126000021/doc-002-file.html.txt | data/raw/tenderguru/2026-05-25/docs-missing/811500001126000021/doc-004-file.html.txt | data/raw/tenderguru/2026-05-25/docs-missing/811500001126000021/derived-1-001-file.html.txt | data/raw/tenderguru/2026-05-25/docs-missing/811500001126000021/doc-006-file.html.txt | data/raw/tenderguru/2026-05-25/docs-missing/811500001126000021/doc-008-file.html.txt | data/raw/tenderguru/2026-05-25/docs-missing/811500001126000021/doc-010-file.html.txt | data/raw/tenderguru/2026-05-25/docs-missing/811500001126000021/doc-012-file.html.txt | data/raw/tenderguru/2026-05-25/docs-missing/811500001126000021/derived-2-001-n836914_proekt_gosudarstvennogo_kontrakta_izm._ot_12.05.2026.docx.txt","data/analysis/2026-05-25/docs-missing-analysis/product-cards/811500001126000021.md"
"811500001126000022","","ГОСУДАРСТВЕННОЕ КАЗЕННОЕ УЧРЕЖДЕНИЕ ""ЦЕНТР ЦИФРОВОЙ ТРАНСФОРМАЦИИ РЕСПУБЛИКИ ТАТАРСТАН""","152000000","ai_general","analytics_monitoring","AI-сервис мониторинга и контент-анализа","Высшее образование в сфере информационных технологий или среднее образование с повышением квалификации в области сопровождения программного обеспечения Высшее образование или прохождение профессиональной переподготовки или повышение квалификации в области информационной безопасности Высшее образование и прохождение профессиональной переподготовки или повышение квалификации в области интеграции программных систем. Высшее образование в сфере информационных технологий или среднее образование с повышением квалификации в области сопровождения программного обеспечения Высшее образование или прохождение профессиональной переподготовки или повышение квалификации в области информационной безопасности","Сервис сбора, обработки, контент-анализа и сопровождения аналитических модулей с AI/automation элементами. Ключевые элементы: chat_ui, integration, monitoring_support, information_security.","","chat_ui; integration; monitoring_support; information_security","","портал/внешний сайт","information_security; personal_data; on_prem_hardware","AI monitoring workspace: сбор источников, классификация/контент-анализ, дашборд инсайтов, отчеты и workflow проверки.","муниципалитеты; PR/GR-службы; ситуационные центры; аналитические департаменты","high","medium","data/raw/tenderguru/2026-05-25/docs-missing/811500001126000022/derived-1-001-file.html.docx.txt | data/raw/tenderguru/2026-05-25/docs-missing/811500001126000022/doc-002-file.html.txt | data/raw/tenderguru/2026-05-25/docs-missing/811500001126000022/doc-004-file.html.txt | data/raw/tenderguru/2026-05-25/docs-missing/811500001126000022/derived-1-001-file.html.txt | data/raw/tenderguru/2026-05-25/docs-missing/811500001126000022/doc-006-file.html.txt | data/raw/tenderguru/2026-05-25/docs-missing/811500001126000022/derived-2-001-n838242_obosnovanie_nmck.docx.txt | data/raw/tenderguru/2026-05-25/docs-missing/811500001126000022/derived-2-001-n838242_poryadok_rassmotreniya_i_ocenki_zayavok_na_uchastie_v_konkurse.docx.txt | data/raw/tenderguru/2026-05-25/docs-missing/811500001126000022/derived-2-001-n838242_proekt_gosudarstvennogo_kontrakta.docx.txt","data/analysis/2026-05-25/docs-missing-analysis/product-cards/811500001126000022.md"
"811500001126000023","","ГОСУДАРСТВЕННОЕ КАЗЕННОЕ УЧРЕЖДЕНИЕ ""ЦЕНТР ЦИФРОВОЙ ТРАНСФОРМАЦИИ РЕСПУБЛИКИ ТАТАРСТАН""","200000000","process_automation","analytics_monitoring","AI-сервис мониторинга и контент-анализа","повышение эффективности использования государственного имущества Республики Татарстан и муниципального имущества путем комплексной автоматизации процессов управления; ) управление начислениями по решению суда, автоматизация работы с реструктуризацией задолженности в части формирования взысканной задолженности; повышение эффективности использования государственного имущества Республики Татарстан и муниципального имущества путем комплексной автоматизации процессов управления; ) управление начислениями по решению суда, автоматизация работы с реструктуризацией задолженности в части формирования взысканной задолженности; повышение эффективности использования государственного имущества Республики Татарстан и муниципального имущества путем комплексной автоматизации процессов управления;","Сервис сбора, обработки, контент-анализа и сопровождения аналитических модулей с AI/automation элементами. Ключевые элементы: chat_ui, integration, monitoring_support, information_security, process_automation.","","chat_ui; integration; monitoring_support; information_security; process_automation","Система обеспечивает автоматизацию процессов создания, регистрации документов и согласования изменений учетных данных по объектам, возникающих в рамках процессов учета и управления объектами государственного и муниципального имущества в соответствии с типовыми сценариями рабочих процессов. | Информационное взаимодействие с ППГМУ должно происходить в рамках двух сценариев","портал/внешний сайт","information_security; personal_data; domestic_registry; sla_24x7; on_prem_hardware","AI monitoring workspace: сбор источников, классификация/контент-анализ, дашборд инсайтов, отчеты и workflow проверки.","муниципалитеты; PR/GR-службы; ситуационные центры; аналитические департаменты","high","medium","data/raw/tenderguru/2026-05-25/docs-missing/811500001126000023/derived-2-001-n839990_opisanie_obekta_zakupki._tehnicheskoe_zadanie.docx.txt | data/raw/tenderguru/2026-05-25/docs-missing/811500001126000023/derived-2-001-n839990_prilozhenie__1_k_kontraktu._tehnicheskoe_zadanie.docx.txt | data/raw/tenderguru/2026-05-25/docs-missing/811500001126000023/derived-1-001-file.html.docx.txt | data/raw/tenderguru/2026-05-25/docs-missing/811500001126000023/doc-002-file.html.txt | data/raw/tenderguru/2026-05-25/docs-missing/811500001126000023/doc-004-file.html.txt | data/raw/tenderguru/2026-05-25/docs-missing/811500001126000023/derived-1-001-file.html.txt | data/raw/tenderguru/2026-05-25/docs-missing/811500001126000023/doc-006-file.html.txt | data/raw/tenderguru/2026-05-25/docs-missing/811500001126000023/derived-2-001-n839990_proekt_gosudarstvennogo_kontrakta.docx.txt","data/analysis/2026-05-25/docs-missing-analysis/product-cards/811500001126000023.md"
"816500000626008791","","ГОСУДАРСТВЕННОЕ КАЗЕННОЕ УЧРЕЖДЕНИЕ РЕСПУБЛИКИ САХА (ЯКУТИЯ) ""ЦЕНТР ЗАКУПОК РЕСПУБЛИКИ САХА (ЯКУТИЯ)""","1676500","ai_general","medical_ai_support","Сопровождение медицинских AI-компонентов в защищенном контуре","конечные классы. Сокращение размерности данных и преобразование непрерывных и дискретных входных полей; конечные классы. Сокращение размерности данных и преобразование непрерывных и дискретных входных полей; конечные классы. Сокращение размерности данных и преобразование непрерывных и дискретных входных полей;","Сопровождение и поддержка медицинского AI-компонента: мониторинг, обновления, диагностика, исправление ошибок, обучение пользователей и соблюдение требований защищенного контура. Ключевые элементы: chat_ui, integration, monitoring_support, классификация.","классификация","chat_ui; integration; monitoring_support","Предоставление права использования ранее установленного у Заказчика программного обеспечения: Loginom Server Standard (включая 5 конкурентных лицензий для проектирования сценариев или просмотра отчетов). | Графический пользовательский интерфейс должен позволять разрабатывать аналитические процессы с помощью визуального проектирования сценариев обработки (технологии low-code). | аналитический сервер для расчетов, проектирования сценариев, визуализации, управления правами; | клиентское веб-приложение – рабочее место аналитика для разработки сценариев анализа; | Возможность пакетного выполнения сценариев по расписанию с использованием встроенного планировщик задач. | доступ к построению и редактированию сценариев либо только просмотру отчетов; | Программное обеспечение должно иметь диспетчер для просмотра открытых сессий и пакетов, мониторинга и управления активностью сценариев обработки данных, очистки пула пакетов.","","","Managed AI support desk for healthcare AI systems: мониторинг, SLA, база знаний ошибок, регламент обновлений, обучение пользователей и compliance-пакет для защищенных медсистем.","региональные минздравы; медицинские ИТ-операторы; клиники с PACS/RIS/LIS; разработчики медицинского ПО","low","low","data/raw/tenderguru/2026-05-25/docs-missing/816500000626008791/derived-1-001-file.html.docx.txt | data/raw/tenderguru/2026-05-25/docs-missing/816500000626008791/derived-2-001-prilozhenie-n1.-k-ooz.docx.txt | data/raw/tenderguru/2026-05-25/docs-missing/816500000626008791/doc-002-file.html.txt","data/analysis/2026-05-25/docs-missing-analysis/product-cards/816500000626008791.md"
"851200000626003499","","ГОСУДАРСТВЕННОЕ КАЗЕННОЕ УЧРЕЖДЕНИЕ НОВОСИБИРСКОЙ ОБЛАСТИ ""УПРАВЛЕНИЕ КОНТРАКТНОЙ СИСТЕМЫ""","7699867","analytics","medical_ai_support","Сопровождение медицинских AI-компонентов в защищенном контуре","Заказчик в течение 5 (пяти) рабочих дней с момента получения списка пользователей создает соответствующие учетные записи для сотрудников Исполнителя с указанными полномочиями. Исполнителю предоставляется доступ к базам данных только для достижения целей согласно пункту 1.3 настоящего Соглашения. Заказчик в течение 5 (пяти) рабочих дней с момента получения списка пользователей создает соответствующие учетные записи для сотрудников Исполнителя с указанными полномочиями. Исполнителю предоставляется доступ к базам данных только для достижения целей согласно пункту 1.3 настоящего Соглашения. Заказчик в течение 5 (пяти) рабочих дней с момента получения списка пользователей создает соответствующие учетные записи для сотрудников Исполнителя с указанными полномочиями.","Сопровождение и поддержка медицинского AI-компонента: мониторинг, обновления, диагностика, исправление ошибок, обучение пользователей и соблюдение требований защищенного контура. Ключевые элементы: chat_ui, integration, monitoring_support, information_security, computer_vision.","","chat_ui; integration; monitoring_support; information_security; computer_vision","Информацию о номере многоканального телефона и адресе электронной почты для обращения в службу технической поддержки Исполнитель предоставляет в адрес Заказчика и Функционального заказчика в течение 3 рабочих дней со дня заключения контракта. | консультация сотрудника технической поддержки по телефону или электронной почте; | Требования к организации технической поддержки | Услуги по технической поддержке РС «МДЛП» должны быть оказаны с помощью многоуровневой единой линии технической поддержки. | Первая линия технической поддержки должна обеспечивать регистрацию любых обращений пользователей РС «МДЛП» и оказание оперативной помощи по вопросам: | Третья линия технической поддержки должна обеспечивать работу с обращениями, связанными с внесением изменений в функциональность РС «МДЛП». | Специалисты линии технической поддержки должны обеспечивать: | своевременную передачу обращений пользователей на необходимый уровень линии технической поддержки;","корпоративный мессенджер; портал/внешний сайт","information_security; personal_data; critical_infrastructure; sla_24x7; on_prem_hardware","Managed AI support desk for healthcare AI systems: мониторинг, SLA, база знаний ошибок, регламент обновлений, обучение пользователей и compliance-пакет для защищенных медсистем.","региональные минздравы; медицинские ИТ-операторы; клиники с PACS/RIS/LIS; разработчики медицинского ПО; региональные и муниципальные заказчики","low","medium","data/raw/tenderguru/2026-05-25/docs-missing/851200000626003499/derived-1-001-file.html.docx.txt | data/raw/tenderguru/2026-05-25/docs-missing/851200000626003499/derived-2-001-2_ooz_tp-mdlp.docx.txt | data/raw/tenderguru/2026-05-25/docs-missing/851200000626003499/doc-002-file.html.txt | data/raw/tenderguru/2026-05-25/docs-missing/851200000626003499/doc-004-file.html.txt | data/raw/tenderguru/2026-05-25/docs-missing/851200000626003499/derived-2-001-3_proekt-kontrakta-_tp-mdlp.docx.txt","data/analysis/2026-05-25/docs-missing-analysis/product-cards/851200000626003499.md"
"859200001126005703","","ГОСУДАРСТВЕННОЕ КАЗЕННОЕ УЧРЕЖДЕНИЕ РЯЗАНСКОЙ ОБЛАСТИ ""ЦЕНТР ЗАКУПОК РЯЗАНСКОЙ ОБЛАСТИ""","7056715","ai_general","medical_ai_support","Сопровождение медицинских AI-компонентов в защищенном контуре","Нужно обеспечить бесперебойную работу медицинского AI-компонента и поддержку пользователей.","Сопровождение и поддержка медицинского AI-компонента: мониторинг, обновления, диагностика, исправление ошибок, обучение пользователей и соблюдение требований защищенного контура. Ключевые элементы: chat_ui, integration, monitoring_support, information_security, распознавание.","распознавание","chat_ui; integration; monitoring_support; information_security","адаптация и модификация программы CDO.LMS для реализации блока управления базой знаний (чат-бота) и базы данных, а также тестирование и сопровождению доработанных, адаптированных или модифицированных Исполнителем программ для ЭВМ в ходе Приемной кампании 2026 г. | этап 2: услуги по адаптации, модификации программы CDO.LMS для реализации блока управления базой знаний (чат-бота) и базы данных, а также по тестированию и сопровождению доработанных, адаптированных или модифицированных Исполнителем программ для ЭВМ в ходе Приемной кампании 2026 г. | Разработка и внедрение программных модулей, обеспечивающих техническую возможность приема, обработки и передачи данных между ГИС ЦОПП, формой-концентратором ЕПГУ и ЕСНСИ в соответствии с утвержденными сценариями взаимодействия. | Услуги по адаптации, модификации программы CDO.LMS для реализации блока управления базой знаний (чат-бота) и базы данных, а также по тестированию и сопровождению доработанных, адаптированных или модифицированных Исполнителем программ для ЭВМ в ходе Приемной кампании 2026 г. | Обучение пользователей по работе с новыми сценариями обработки заявлений; | Реализация новых сценариев обработки заявлений (интеграционная логика): | Тестирование интеграции с ЕПГУ должно проводиться в тестовой среде СМЭВ/ЕПГУ и включать проверку всех новых сценариев согласно Приложению № 3 (Матрица статусов): | Требования к этапу № 2 «услуги по адаптации, модификации программы CDO.LMS для реализации блока управления базой знаний (чат-бота) и базы данных, а также по тестированию и сопровождению доработанных, адаптированных или модифицированных Исполнителем программ для ЭВМ в ходе Приемной кампании 2026 г.»","портал/внешний сайт","information_security; personal_data; critical_infrastructure; on_prem_hardware","Managed AI support desk for healthcare AI systems: мониторинг, SLA, база знаний ошибок, регламент обновлений, обучение пользователей и compliance-пакет для защищенных медсистем.","региональные минздравы; медицинские ИТ-операторы; клиники с PACS/RIS/LIS; разработчики медицинского ПО; региональные и муниципальные заказчики","low","medium","data/raw/tenderguru/2026-05-25/docs-missing/859200001126005703/derived-2-001-opisanie-obekta-zakupki.docx.txt | data/raw/tenderguru/2026-05-25/docs-missing/859200001126005703/derived-1-001-file.html.docx.txt | data/raw/tenderguru/2026-05-25/docs-missing/859200001126005703/doc-002-file.html.txt | data/raw/tenderguru/2026-05-25/docs-missing/859200001126005703/doc-004-file.html.txt | data/raw/tenderguru/2026-05-25/docs-missing/859200001126005703/derived-2-001-proekt-kontrakta.docx.txt","data/analysis/2026-05-25/docs-missing-analysis/product-cards/859200001126005703.md"
"859200001126006005","","ГОСУДАРСТВЕННОЕ КАЗЕННОЕ УЧРЕЖДЕНИЕ РЯЗАНСКОЙ ОБЛАСТИ ""ЦЕНТР ЗАКУПОК РЯЗАНСКОЙ ОБЛАСТИ""","6014894","process_automation","medical_ai_support","Сопровождение медицинских AI-компонентов в защищенном контуре","Нужно обеспечить бесперебойную работу медицинского AI-компонента и поддержку пользователей.","Сопровождение и поддержка медицинского AI-компонента: мониторинг, обновления, диагностика, исправление ошибок, обучение пользователей и соблюдение требований защищенного контура. Ключевые элементы: chat_ui, integration, monitoring_support, process_automation.","","chat_ui; integration; monitoring_support; process_automation","возможность формирования произвольных отчетов. Программный комплекс позволяет создавать новые пользовательские отчеты, не ограничивая их количество. | (05.09) Средства управления диалоговыми роботами (чат-боты и голосовые роботы) | обработка входящих звонков по следующим сценариям или их сочетаниям: | настройка выбора сценария взаимодействия с абонентом в зависимости от телефонного номера абонента, номера телефона, на который поступил звонок, времени суток, дня недели, праздничного или выходного дня и т.д.; | в случае недоступности АИСОВ ТО, автоматическую самопроверку и уведомление ответственных лиц Заказчика в случае недоступности по указанной электронной почте или через чат-бота в мессенджере Telegram; | обратившийся должен иметь возможность переключиться на оператора в явном виде, запросив перевод у Чат-бота (например, вопросом «переключи на оператора»). Также Чат-бот должен автоматически инициировать перевод, если он не знает ответ на вопрос обратившегося. | д) предоставление обслуживания по наиболее популярным ответам на вопросы с помощью чат-бота; | позволять включать в отчеты сводные данные о вызове (время поступления, время ожидания, время обслуживания и т.д.) и данные из информационной системы, введенные при заполнении сценария разговора. Должна поддерживаться выгрузка построенных отчетов в формате CSV;","корпоративный мессенджер; портал/внешний сайт","personal_data; critical_infrastructure; domestic_registry; sla_24x7; on_prem_hardware","Managed AI support desk for healthcare AI systems: мониторинг, SLA, база знаний ошибок, регламент обновлений, обучение пользователей и compliance-пакет для защищенных медсистем.","региональные минздравы; медицинские ИТ-операторы; клиники с PACS/RIS/LIS; разработчики медицинского ПО; региональные и муниципальные заказчики","low","medium","data/raw/tenderguru/2026-05-25/docs-missing/859200001126006005/derived-2-001-opisanie-obekta-zakupki-55-.docx.txt | data/raw/tenderguru/2026-05-25/docs-missing/859200001126006005/derived-1-001-file.html.docx.txt | data/raw/tenderguru/2026-05-25/docs-missing/859200001126006005/doc-002-file.html.txt | data/raw/tenderguru/2026-05-25/docs-missing/859200001126006005/doc-004-file.html.txt | data/raw/tenderguru/2026-05-25/docs-missing/859200001126006005/derived-2-001-proekt-kontrakta.docx.txt","data/analysis/2026-05-25/docs-missing-analysis/product-cards/859200001126006005.md"
"94522914","94522914","","","process_automation","analytics_monitoring","AI-сервис мониторинга и контент-анализа","Нужно собирать, обрабатывать и анализировать информацию для управленческих решений.","Сервис сбора, обработки, контент-анализа и сопровождения аналитических модулей с AI/automation элементами. Ключевые элементы: monitoring_support.","","monitoring_support","","портал/внешний сайт","personal_data; critical_infrastructure; domestic_registry","AI monitoring workspace: сбор источников, классификация/контент-анализ, дашборд инсайтов, отчеты и workflow проверки.","муниципалитеты; PR/GR-службы; ситуационные центры; аналитические департаменты","medium","medium","data/raw/tenderguru/2026-05-25/docs-missing/94522914/derived-1-001-17a6d63c-e338-478a-806c-b3a40cc2f180.docx.txt | data/raw/tenderguru/2026-05-25/docs-missing/94522914/doc-018-17a6d63c-e338-478a-806c-b3a40cc2f180.bin.txt","data/analysis/2026-05-25/docs-missing-analysis/product-cards/94522914.md"
